Name,Team,date,GA1,GA2,GA3,GA
강윤구,NC,06월 06일,0,1,0,3
강윤구,NC,06월 26일,1,0,3,0
강윤구,NC,07월 03일,0,3,0,0
강윤구,NC,07월 05일,3,0,0,0
강윤구,NC,07월 08일,0,0,0,0
강윤구,NC,07월 10일,0,0,0,0
강윤구,NC,07월 11일,0,0,0,0
고영표,KT,04월 14일,6,4,3,6
고영표,KT,04월 20일,4,3,6,2
고영표,KT,04월 26일,3,6,2,2
고영표,KT,05월 08일,6,2,2,7
고영표,KT,05월 13일,2,2,7,3
고영표,KT,05월 19일,2,7,3,0
고영표,KT,05월 24일,7,3,0,1
고영표,KT,05월 30일,3,0,1,4
고영표,KT,06월 05일,0,1,4,5
고영표,KT,06월 10일,1,4,5,6
고영표,KT,06월 16일,4,5,6,4
고영표,KT,06월 22일,5,6,4,5
고영표,KT,06월 30일,6,4,5,0
고영표,KT,07월 07일,4,5,0,1
고영표,KT,07월 12일,5,0,1,1
고우석,LG,04월 14일,1,0,0,0
고우석,LG,04월 19일,0,0,0,0
고우석,LG,04월 22일,0,0,0,0
고우석,LG,04월 24일,0,0,0,1
고우석,LG,04월 27일,0,0,1,0
고우석,LG,05월 03일,0,1,0,0
고우석,LG,05월 06일,1,0,0,3
고우석,LG,05월 10일,0,0,3,0
고우석,LG,05월 13일,0,3,0,2
고우석,LG,05월 23일,3,0,2,0
고우석,LG,05월 25일,0,2,0,2
고우석,LG,05월 31일,2,0,2,1
고우석,LG,06월 06일,0,2,1,0
고우석,LG,06월 09일,2,1,0,0
고우석,LG,06월 12일,1,0,0,1
고우석,LG,06월 17일,0,0,1,1
고우석,LG,06월 20일,0,1,1,2
고우석,LG,06월 23일,1,1,2,1
고우석,LG,06월 27일,1,2,1,0
고우석,LG,07월 05일,2,1,0,0
고우석,LG,07월 06일,1,0,0,0
고우석,LG,07월 08일,0,0,0,0
고창성,KT,04월 05일,0,0,0,2
고창성,KT,04월 11일,0,0,2,0
고창성,KT,04월 24일,0,2,0,0
고창성,KT,05월 04일,2,0,0,2
고창성,KT,05월 20일,0,0,2,1
고창성,KT,05월 23일,0,2,1,0
고창성,KT,05월 29일,2,1,0,0
고창성,KT,06월 01일,1,0,0,1
고창성,KT,06월 20일,0,0,1,0
고창성,KT,06월 23일,0,1,0,0
고창성,KT,06월 27일,1,0,0,0
고창성,KT,07월 10일,0,0,0,0
고효준,롯데,06월 26일,0,0,1,0
고효준,롯데,06월 27일,0,1,0,0
고효준,롯데,07월 07일,1,0,0,0
고효준,롯데,07월 10일,0,0,0,0
곽빈,두산,04월 14일,2,0,0,0
곽빈,두산,04월 18일,0,0,0,1
곽빈,두산,04월 20일,0,0,1,0
곽빈,두산,04월 21일,0,1,0,0
곽빈,두산,04월 24일,1,0,0,0
곽빈,두산,04월 27일,0,0,0,0
곽빈,두산,04월 29일,0,0,0,0
곽빈,두산,05월 06일,0,0,0,2
곽빈,두산,05월 09일,0,0,2,0
곽빈,두산,05월 18일,0,2,0,1
곽빈,두산,05월 19일,2,0,1,2
곽빈,두산,05월 31일,0,1,2,0
곽빈,두산,06월 17일,1,2,0,0
곽빈,두산,06월 21일,2,0,0,1
곽빈,두산,06월 22일,0,0,1,6
구승민,롯데,04월 06일,1,0,3,0
구승민,롯데,04월 11일,0,3,0,0
구승민,롯데,04월 12일,3,0,0,0
구승민,롯데,04월 18일,0,0,0,1
구승민,롯데,04월 22일,0,0,1,0
구승민,롯데,04월 26일,0,1,0,0
구승민,롯데,05월 02일,1,0,0,1
구승민,롯데,05월 25일,0,0,1,3
구승민,롯데,05월 30일,0,1,3,0
구승민,롯데,05월 31일,1,3,0,0
구승민,롯데,06월 01일,3,0,0,0
구승민,롯데,06월 05일,0,0,0,0
구승민,롯데,06월 07일,0,0,0,0
구승민,롯데,06월 08일,0,0,0,0
구승민,롯데,06월 12일,0,0,0,1
구승민,롯데,06월 14일,0,0,1,2
구승민,롯데,06월 17일,0,1,2,1
구승민,롯데,06월 20일,1,2,1,1
구승민,롯데,06월 21일,2,1,1,0
구승민,롯데,06월 24일,1,1,0,0
구승민,롯데,06월 27일,1,0,0,0
구승민,롯데,06월 28일,0,0,0,0
구승민,롯데,06월 30일,0,0,0,0
구승민,롯데,07월 05일,0,0,0,0
구승민,롯데,07월 11일,0,0,0,0
구창모,NC,04월 20일,2,0,3,6
구창모,NC,04월 24일,0,3,6,0
구창모,NC,04월 29일,3,6,0,0
구창모,NC,05월 02일,6,0,0,2
구창모,NC,05월 05일,0,0,2,0
구창모,NC,05월 11일,0,2,0,0
구창모,NC,05월 17일,2,0,0,4
구창모,NC,05월 22일,0,0,4,3
구창모,NC,05월 27일,0,4,3,5
구창모,NC,06월 02일,4,3,5,5
구창모,NC,06월 09일,3,5,5,0
구창모,NC,06월 15일,5,5,0,4
구창모,NC,06월 22일,5,0,4,1
구창모,NC,06월 27일,0,4,1,5
구창모,NC,07월 04일,4,1,5,9
구창모,NC,07월 10일,1,5,9,4
권오준,삼성,04월 04일,0,3,0,2
권오준,삼성,04월 10일,3,0,2,0
권오준,삼성,04월 12일,0,2,0,1
권오준,삼성,04월 18일,2,0,1,0
권오준,삼성,04월 26일,0,1,0,1
권오준,삼성,05월 01일,1,0,1,0
권오준,삼성,05월 11일,0,1,0,2
권오준,삼성,05월 20일,1,0,2,0
권오준,삼성,05월 26일,0,2,0,0
권오준,삼성,05월 27일,2,0,0,0
권오준,삼성,06월 05일,0,0,0,0
권오준,삼성,06월 08일,0,0,0,2
권오준,삼성,06월 13일,0,0,2,1
권오준,삼성,06월 14일,0,2,1,0
권오준,삼성,06월 16일,2,1,0,0
권오준,삼성,06월 21일,1,0,0,1
권오준,삼성,06월 23일,0,0,1,3
권오준,삼성,06월 24일,0,1,3,0
권오준,삼성,06월 29일,1,3,0,0
권오준,삼성,07월 06일,3,0,0,0
권오준,삼성,07월 12일,0,0,0,0
금민철,KT,04월 15일,3,1,4,7
금민철,KT,04월 21일,1,4,7,3
금민철,KT,04월 27일,4,7,3,2
금민철,KT,05월 03일,7,3,2,2
금민철,KT,05월 09일,3,2,2,3
금민철,KT,05월 15일,2,2,3,0
금민철,KT,05월 20일,2,3,0,2
금민철,KT,05월 26일,3,0,2,4
금민철,KT,06월 01일,0,2,4,6
금민철,KT,06월 07일,2,4,6,2
금민철,KT,06월 14일,4,6,2,7
금민철,KT,06월 19일,6,2,7,7
금민철,KT,06월 24일,2,7,7,0
금민철,KT,07월 06일,7,7,0,6
금민철,KT,07월 12일,7,0,6,1
김강률,두산,03월 29일,2,0,1,0
김강률,두산,04월 03일,0,1,0,2
김강률,두산,04월 07일,1,0,2,0
김강률,두산,04월 08일,0,2,0,4
김강률,두산,04월 27일,2,0,4,0
김강률,두산,04월 29일,0,4,0,0
김강률,두산,05월 03일,4,0,0,0
김강률,두산,05월 05일,0,0,0,0
김강률,두산,05월 06일,0,0,0,0
김강률,두산,05월 15일,0,0,0,0
김강률,두산,05월 16일,0,0,0,0
김강률,두산,05월 18일,0,0,0,0
김강률,두산,05월 20일,0,0,0,0
김강률,두산,05월 27일,0,0,0,1
김강률,두산,05월 30일,0,0,1,0
김강률,두산,06월 06일,0,1,0,0
김강률,두산,06월 08일,1,0,0,0
김강률,두산,06월 13일,0,0,0,0
김강률,두산,06월 14일,0,0,0,2
김강률,두산,06월 22일,0,0,2,0
김강률,두산,06월 23일,0,2,0,0
김강률,두산,06월 26일,2,0,0,0
김강률,두산,06월 29일,0,0,0,1
김강률,두산,07월 08일,0,0,1,2
김강률,두산,07월 10일,0,1,2,2
김강률,두산,07월 12일,1,2,2,0
김광현,SK,04월 15일,0,0,6,0
김광현,SK,04월 21일,0,6,0,3
김광현,SK,04월 27일,6,0,3,2
김광현,SK,05월 13일,0,3,2,0
김광현,SK,05월 19일,3,2,0,2
김광현,SK,05월 25일,2,0,2,1
김광현,SK,05월 31일,0,2,1,2
김광현,SK,06월 06일,2,1,2,2
김광현,SK,06월 12일,1,2,2,0
김광현,SK,07월 05일,2,2,0,3
김광현,SK,07월 11일,2,0,3,3
김대우,삼성,04월 13일,0,4,2,2
김대우,삼성,04월 19일,4,2,2,0
김대우,삼성,04월 25일,2,2,0,3
김대우,삼성,05월 01일,2,0,3,11
김대우,삼성,05월 13일,0,3,11,3
김대우,삼성,06월 14일,3,11,3,9
김대우,롯데,06월 29일,11,3,9,0
김대현,LG,04월 17일,4,3,0,4
김대현,LG,04월 22일,3,0,4,3
김대현,LG,04월 28일,0,4,3,3
김대현,LG,05월 04일,4,3,3,5
김대현,LG,05월 10일,3,3,5,3
김대현,LG,05월 18일,3,5,3,3
김대현,LG,05월 25일,5,3,3,7
김대현,LG,05월 31일,3,3,7,6
김대현,LG,07월 07일,3,7,6,6
김동준,넥센,04월 26일,3,0,0,0
김동준,넥센,05월 01일,0,0,0,0
김동준,넥센,05월 02일,0,0,0,2
김동준,넥센,05월 05일,0,0,2,0
김동준,넥센,05월 09일,0,2,0,2
김동준,넥센,05월 11일,2,0,2,0
김동준,넥센,05월 17일,0,2,0,0
김동준,넥센,05월 22일,2,0,0,1
김동준,넥센,05월 25일,0,0,1,0
김동준,넥센,06월 03일,0,1,0,0
김동준,넥센,06월 06일,1,0,0,1
김동준,넥센,06월 08일,0,0,1,0
김동준,넥센,06월 09일,0,1,0,0
김동준,넥센,06월 15일,1,0,0,1
김동준,넥센,06월 21일,0,0,1,5
김동준,넥센,06월 27일,0,1,5,2
김동준,넥센,07월 03일,1,5,2,0
김동준,넥센,07월 04일,5,2,0,1
김동준,넥센,07월 08일,2,0,1,0
김민우,한화,05월 17일,0,5,6,2
김민우,한화,05월 23일,5,6,2,3
김민우,한화,05월 29일,6,2,3,1
김민우,한화,06월 03일,2,3,1,3
김민우,한화,06월 09일,3,1,3,1
김민우,한화,06월 15일,1,3,1,9
김민우,한화,06월 21일,3,1,9,6
김민우,한화,06월 27일,1,9,6,0
김민우,한화,07월 03일,9,6,0,8
김민우,한화,07월 08일,6,0,8,2
김범수,한화,06월 12일,2,0,0,0
김범수,한화,06월 14일,0,0,0,0
김범수,한화,06월 21일,0,0,0,0
김범수,한화,06월 24일,0,0,0,0
김범수,한화,07월 04일,0,0,0,1
김사율,KT,05월 05일,2,0,1,2
김사율,KT,05월 10일,0,1,2,1
김사율,KT,05월 17일,1,2,1,0
김사율,KT,05월 18일,2,1,0,0
김사율,KT,05월 22일,1,0,0,0
김사율,KT,05월 25일,0,0,0,0
김사율,KT,06월 02일,0,0,0,3
김사율,KT,06월 08일,0,0,3,0
김사율,KT,06월 27일,0,3,0,1
김사율,KT,07월 08일,3,0,1,5
김상수,넥센,04월 05일,0,0,0,0
김상수,넥센,04월 08일,0,0,0,0
김상수,넥센,04월 12일,0,0,0,0
김상수,넥센,04월 14일,0,0,0,0
김상수,넥센,04월 15일,0,0,0,0
김상수,넥센,04월 28일,0,0,0,0
김상수,넥센,04월 29일,0,0,0,0
김상수,넥센,05월 03일,0,0,0,0
김상수,넥센,05월 08일,0,0,0,0
김상수,넥센,05월 11일,0,0,0,0
김상수,넥센,05월 13일,0,0,0,0
김상수,넥센,05월 16일,0,0,0,0
김상수,넥센,05월 19일,0,0,0,0
김상수,넥센,05월 26일,0,0,0,0
김상수,넥센,06월 08일,0,0,0,0
김상수,넥센,06월 10일,0,0,0,0
김상수,넥센,06월 13일,0,0,0,0
김상수,넥센,06월 17일,0,0,0,3
김상수,넥센,06월 19일,0,0,3,0
김상수,넥센,06월 20일,0,3,0,0
김상수,넥센,06월 23일,3,0,0,0
김상수,넥센,06월 27일,0,0,0,0
김상수,넥센,07월 01일,0,0,0,0
김상수,넥센,07월 05일,0,0,0,0
김상수,넥센,07월 07일,0,0,0,0
김선기,넥센,04월 04일,1,0,0,0
김선기,넥센,04월 06일,0,0,0,0
김선기,넥센,04월 11일,0,0,0,0
김선기,넥센,04월 27일,0,0,0,0
김선기,넥센,04월 29일,0,0,0,2
김선기,넥센,05월 02일,0,0,2,3
김선기,넥센,05월 05일,0,2,3,0
김선기,넥센,05월 10일,2,3,0,0
김선기,넥센,05월 23일,3,0,0,3
김성민,넥센,03월 30일,0,0,0,0
김성민,넥센,04월 13일,0,0,0,4
김성민,넥센,04월 15일,0,0,4,0
김성민,넥센,04월 20일,0,4,0,0
김성민,넥센,04월 29일,4,0,0,1
김성민,넥센,05월 04일,0,0,1,1
김성민,넥센,05월 09일,0,1,1,0
김성민,넥센,05월 18일,1,1,0,1
김성민,넥센,05월 31일,1,0,1,0
김성민,넥센,06월 02일,0,1,0,2
김성민,넥센,06월 15일,1,0,2,0
김성민,넥센,06월 22일,0,2,0,0
김성민,넥센,06월 29일,2,0,0,0
김세현,KIA,04월 07일,0,0,0,0
김세현,KIA,04월 08일,0,0,0,0
김세현,KIA,04월 17일,0,0,0,1
김세현,KIA,04월 18일,0,0,1,0
김세현,KIA,04월 25일,0,1,0,1
김세현,KIA,04월 29일,1,0,1,1
김세현,KIA,05월 02일,0,1,1,0
김세현,KIA,07월 03일,1,1,0,0
김세현,KIA,07월 08일,1,0,0,2
김세현,KIA,07월 11일,0,0,2,1
김승현,삼성,04월 04일,0,0,2,0
김승현,삼성,04월 07일,0,2,0,1
김승현,삼성,04월 10일,2,0,1,2
김승현,삼성,04월 15일,0,1,2,0
김승현,삼성,04월 18일,1,2,0,0
김승현,삼성,04월 25일,2,0,0,0
김승현,삼성,04월 27일,0,0,0,3
김승현,삼성,05월 01일,0,0,3,0
김승현,삼성,05월 10일,0,3,0,1
김승현,삼성,05월 16일,3,0,1,0
김승현,삼성,05월 22일,0,1,0,0
김승현,삼성,05월 23일,1,0,0,0
김승현,삼성,05월 26일,0,0,0,0
김승현,삼성,05월 29일,0,0,0,1
김승현,삼성,06월 06일,0,0,1,0
김승현,삼성,06월 13일,0,1,0,0
김승현,삼성,06월 15일,1,0,0,1
김승현,삼성,06월 17일,0,0,1,1
김승회,두산,05월 10일,0,0,0,0
김승회,두산,05월 11일,0,0,0,0
김승회,두산,05월 23일,0,0,0,1
김승회,두산,05월 26일,0,0,1,0
김승회,두산,06월 03일,0,1,0,0
김승회,두산,06월 05일,1,0,0,1
김승회,두산,06월 09일,0,0,1,0
김승회,두산,06월 10일,0,1,0,2
김승회,두산,06월 17일,1,0,2,1
김승회,두산,06월 19일,0,2,1,0
김승회,두산,06월 23일,2,1,0,0
김승회,두산,06월 24일,1,0,0,3
김승회,두산,06월 28일,0,0,3,0
김승회,두산,07월 06일,0,3,0,0
김승회,두산,07월 11일,3,0,0,0
김시현,삼성,04월 25일,0,0,4,3
김영준,LG,06월 12일,0,0,0,0
김영준,LG,06월 17일,0,0,0,2
김영준,LG,06월 23일,0,0,2,3
김원중,롯데,04월 18일,3,7,2,5
김원중,롯데,04월 24일,7,2,5,5
김원중,롯데,04월 29일,2,5,5,2
김원중,롯데,05월 05일,5,5,2,1
김원중,롯데,05월 13일,5,2,1,1
김원중,롯데,05월 19일,2,1,1,2
김원중,롯데,05월 25일,1,1,2,7
김원중,롯데,05월 31일,1,2,7,5
김원중,롯데,06월 06일,2,7,5,2
김원중,롯데,06월 13일,7,5,2,4
김원중,롯데,06월 19일,5,2,4,6
김원중,롯데,06월 24일,2,4,6,2
김원중,롯데,06월 30일,4,6,2,2
김원중,롯데,07월 06일,6,2,2,5
김원중,롯데,07월 12일,2,2,5,5
김유신,KIA,06월 24일,0,0,2,6
김윤동,KIA,04월 07일,1,0,0,0
김윤동,KIA,04월 11일,0,0,0,0
김윤동,KIA,04월 17일,0,0,0,0
김윤동,KIA,04월 21일,0,0,0,4
김윤동,KIA,04월 28일,0,0,4,0
김윤동,KIA,04월 29일,0,4,0,0
김윤동,KIA,05월 02일,4,0,0,1
김윤동,KIA,05월 04일,0,0,1,0
김윤동,KIA,05월 13일,0,1,0,0
김윤동,KIA,05월 16일,1,0,0,1
김윤동,KIA,05월 18일,0,0,1,0
김윤동,KIA,05월 20일,0,1,0,0
김윤동,KIA,05월 23일,1,0,0,0
김윤동,KIA,05월 27일,0,0,0,0
김윤동,KIA,05월 31일,0,0,0,0
김윤동,KIA,06월 03일,0,0,0,2
김윤동,KIA,06월 06일,0,0,2,0
김윤동,KIA,06월 07일,0,2,0,0
김윤동,KIA,06월 12일,2,0,0,0
김윤동,KIA,07월 04일,0,0,0,0
김윤동,KIA,07월 07일,0,0,0,0
김윤동,KIA,07월 12일,0,0,0,0
김재영,한화,04월 21일,5,3,4,2
김재영,한화,04월 28일,3,4,2,1
김재영,한화,05월 04일,4,2,1,6
김재영,한화,05월 10일,2,1,6,1
김재영,한화,05월 16일,1,6,1,4
김재영,한화,05월 22일,6,1,4,3
김재영,한화,05월 27일,1,4,3,2
김재영,한화,06월 02일,4,3,2,1
김재영,한화,06월 08일,3,2,1,5
김재영,한화,06월 14일,2,1,5,2
김재영,한화,06월 20일,1,5,2,7
김재영,한화,06월 26일,5,2,7,7
김재영,한화,07월 07일,2,7,7,1
김재영,한화,07월 12일,7,7,1,0
김재윤,KT,04월 07일,4,0,0,0
김재윤,KT,04월 10일,0,0,0,0
김재윤,KT,04월 12일,0,0,0,0
김재윤,KT,04월 17일,0,0,0,1
김재윤,KT,04월 20일,0,0,1,1
김재윤,KT,04월 25일,0,1,1,0
김재윤,KT,04월 28일,1,1,0,0
김재윤,KT,05월 03일,1,0,0,0
김재윤,KT,05월 10일,0,0,0,0
김재윤,KT,05월 15일,0,0,0,0
김재윤,KT,05월 23일,0,0,0,0
김재윤,KT,05월 27일,0,0,0,1
김재윤,KT,06월 03일,0,0,1,0
김재윤,KT,06월 07일,0,1,0,0
김재윤,KT,06월 09일,1,0,0,1
김재윤,KT,06월 21일,0,0,1,1
김재윤,KT,06월 24일,0,1,1,0
김재윤,KT,06월 29일,1,1,0,0
김재윤,KT,07월 04일,1,0,0,0
김재윤,KT,07월 05일,0,0,0,0
김재윤,KT,07월 12일,0,0,0,2
김정후,두산,04월 25일,0,0,2,0
김정후,두산,04월 26일,0,2,0,1
김정후,두산,04월 28일,2,0,1,0
김정후,두산,05월 08일,0,1,0,0
김정후,두산,05월 11일,1,0,0,0
김정후,두산,05월 19일,0,0,0,4
김정훈,NC,05월 02일,0,2,0,4
김정훈,NC,05월 05일,2,0,4,6
김정훈,NC,05월 09일,0,4,6,0
김정훈,NC,05월 10일,4,6,0,0
김정훈,NC,05월 27일,6,0,0,5
김정훈,NC,06월 23일,0,0,5,0
김주한,SK,05월 08일,2,0,0,5
김지용,LG,04월 11일,0,0,0,0
김지용,LG,04월 18일,0,0,0,1
김지용,LG,04월 21일,0,0,1,0
김지용,LG,04월 22일,0,1,0,0
김지용,LG,04월 25일,1,0,0,0
김지용,LG,04월 28일,0,0,0,1
김지용,LG,05월 09일,0,0,1,1
김지용,LG,05월 11일,0,1,1,3
김지용,LG,05월 16일,1,1,3,0
김지용,LG,05월 19일,1,3,0,0
김지용,LG,05월 20일,3,0,0,1
김지용,LG,05월 22일,0,0,1,0
김지용,LG,05월 27일,0,1,0,0
김지용,LG,06월 02일,1,0,0,0
김지용,LG,06월 08일,0,0,0,0
김지용,LG,06월 13일,0,0,0,0
김지용,LG,06월 16일,0,0,0,0
김지용,LG,06월 19일,0,0,0,0
김지용,LG,06월 21일,0,0,0,3
김지용,LG,06월 22일,0,0,3,0
김지용,LG,06월 24일,0,3,0,0
김지용,LG,06월 30일,3,0,0,1
김지용,LG,07월 07일,0,0,1,2
김진성,NC,04월 28일,1,0,0,0
김진성,NC,05월 20일,0,0,0,11
김진성,NC,06월 21일,0,0,11,0
김진성,NC,06월 22일,0,11,0,0
김진성,NC,06월 26일,11,0,0,0
김진성,NC,06월 29일,0,0,0,2
김진성,NC,07월 03일,0,0,2,0
김진성,NC,07월 06일,0,2,0,1
김진성,NC,07월 07일,2,0,1,1
김진성,NC,07월 10일,0,1,1,0
김진성,NC,07월 12일,1,1,0,0
김태훈,SK,04월 17일,0,2,2,1
김태훈,SK,04월 20일,2,2,1,4
김태훈,SK,04월 25일,2,1,4,2
김태훈,SK,04월 28일,1,4,2,0
김태훈,SK,05월 03일,4,2,0,6
김태훈,SK,05월 09일,2,0,6,0
김태훈,SK,05월 16일,0,6,0,0
김태훈,SK,05월 18일,6,0,0,1
김태훈,SK,05월 20일,0,0,1,1
김태훈,SK,05월 23일,0,1,1,1
김태훈,SK,05월 27일,1,1,1,1
김태훈,SK,06월 01일,1,1,1,0
김태훈,SK,06월 03일,1,1,0,0
김태훈,SK,06월 06일,1,0,0,0
김태훈,SK,06월 08일,0,0,0,0
김태훈,SK,06월 10일,0,0,0,0
김태훈,SK,06월 12일,0,0,0,1
김태훈,SK,06월 14일,0,0,1,0
김태훈,SK,06월 22일,0,1,0,0
김태훈,SK,06월 23일,1,0,0,2
김태훈,SK,06월 30일,0,0,2,0
김태훈,SK,07월 08일,0,2,0,0
김태훈,SK,07월 10일,2,0,0,0
김태훈,SK,07월 12일,0,0,0,0
남윤성,SK,07월 03일,1,0,0,0
남윤성,SK,07월 04일,0,0,0,1
노경은,롯데,04월 27일,0,0,0,2
노경은,롯데,05월 04일,0,0,2,5
노경은,롯데,05월 11일,0,2,5,0
노경은,롯데,05월 18일,2,5,0,3
노경은,롯데,05월 24일,5,0,3,5
노경은,롯데,05월 30일,0,3,5,7
노경은,롯데,06월 05일,3,5,7,2
노경은,롯데,06월 12일,5,7,2,3
노경은,롯데,06월 17일,7,2,3,4
노경은,롯데,06월 23일,2,3,4,6
노경은,롯데,07월 06일,3,4,6,1
노경은,롯데,07월 08일,4,6,1,0
노경은,롯데,07월 12일,6,1,0,1
노성호,NC,04월 29일,1,1,0,1
노성호,NC,05월 20일,1,0,1,1
노성호,NC,05월 23일,0,1,1,1
노성호,NC,05월 29일,1,1,1,3
노성호,NC,06월 06일,1,1,3,0
노성호,NC,06월 17일,1,3,0,3
노성호,NC,06월 28일,3,0,3,4
니퍼트,KT,04월 22일,0,4,5,2
니퍼트,KT,04월 29일,4,5,2,3
니퍼트,KT,05월 05일,5,2,3,7
니퍼트,KT,05월 11일,2,3,7,6
니퍼트,KT,05월 17일,3,7,6,4
니퍼트,KT,05월 23일,7,6,4,5
니퍼트,KT,05월 29일,6,4,5,3
니퍼트,KT,06월 03일,4,5,3,2
니퍼트,KT,06월 09일,5,3,2,1
니퍼트,KT,06월 15일,3,2,1,3
니퍼트,KT,06월 21일,2,1,3,2
니퍼트,KT,06월 29일,1,3,2,2
니퍼트,KT,07월 05일,3,2,2,2
니퍼트,KT,07월 11일,2,2,2,3
듀브론트,롯데,04월 12일,5,5,7,4
듀브론트,롯데,04월 19일,5,7,4,4
듀브론트,롯데,04월 25일,7,4,4,2
듀브론트,롯데,05월 01일,4,4,2,0
듀브론트,롯데,05월 08일,4,2,0,2
듀브론트,롯데,05월 15일,2,0,2,3
듀브론트,롯데,05월 22일,0,2,3,0
듀브론트,롯데,05월 27일,2,3,0,4
듀브론트,롯데,06월 02일,3,0,4,2
듀브론트,롯데,06월 08일,0,4,2,1
듀브론트,롯데,06월 14일,4,2,1,3
듀브론트,롯데,06월 20일,2,1,3,2
듀브론트,롯데,07월 05일,1,3,2,6
듀브론트,롯데,07월 11일,3,2,6,3
레일리,롯데,04월 17일,3,2,2,6
레일리,롯데,04월 22일,2,2,6,6
레일리,롯데,04월 28일,2,6,6,4
레일리,롯데,05월 03일,6,6,4,3
레일리,롯데,05월 10일,6,4,3,2
레일리,롯데,05월 17일,4,3,2,0
레일리,롯데,05월 23일,3,2,0,6
레일리,롯데,05월 29일,2,0,6,2
레일리,롯데,06월 03일,0,6,2,0
레일리,롯데,06월 16일,6,2,0,1
레일리,롯데,06월 22일,2,0,1,2
레일리,롯데,06월 28일,0,1,2,5
레일리,롯데,07월 04일,1,2,5,5
레일리,롯데,07월 10일,2,5,5,6
로저스,넥센,04월 11일,3,6,2,5
로저스,넥센,04월 17일,6,2,5,2
로저스,넥센,04월 22일,2,5,2,1
로저스,넥센,04월 28일,5,2,1,3
로저스,넥센,05월 04일,2,1,3,0
로저스,넥센,05월 10일,1,3,0,3
로저스,넥센,05월 17일,3,0,3,2
로저스,넥센,05월 23일,0,3,2,5
로저스,넥센,05월 29일,3,2,5,5
로저스,넥센,06월 03일,2,5,5,3
류희운,KT,04월 10일,0,0,9,0
류희운,KT,04월 12일,0,9,0,0
류희운,KT,04월 17일,9,0,0,1
류희운,KT,04월 24일,0,0,1,0
류희운,KT,05월 03일,0,1,0,0
류희운,KT,05월 08일,1,0,0,0
류희운,KT,05월 16일,0,0,0,0
류희운,KT,05월 18일,0,0,0,2
류희운,KT,05월 22일,0,0,2,0
류희운,KT,05월 25일,0,2,0,0
류희운,KT,05월 27일,2,0,0,0
류희운,KT,06월 05일,0,0,0,2
류희운,KT,07월 07일,0,0,2,0
류희운,KT,07월 08일,0,2,0,0
린드블럼,두산,04월 13일,4,1,3,0
린드블럼,두산,04월 19일,1,3,0,2
린드블럼,두산,04월 25일,3,0,2,3
린드블럼,두산,05월 01일,0,2,3,2
린드블럼,두산,05월 06일,2,3,2,3
린드블럼,두산,05월 13일,3,2,3,2
린드블럼,두산,05월 20일,2,3,2,2
린드블럼,두산,05월 26일,3,2,2,1
린드블럼,두산,06월 01일,2,2,1,2
린드블럼,두산,06월 07일,2,1,2,0
린드블럼,두산,06월 13일,1,2,0,3
린드블럼,두산,06월 19일,2,0,3,5
린드블럼,두산,06월 24일,0,3,5,2
린드블럼,두산,06월 30일,3,5,2,0
린드블럼,두산,07월 07일,5,2,0,3
문경찬,KIA,04월 03일,0,0,0,3
문경찬,KIA,04월 12일,0,0,3,8
문경찬,KIA,04월 20일,0,3,8,0
문경찬,KIA,05월 25일,3,8,0,0
문경찬,KIA,05월 30일,8,0,0,1
문경찬,KIA,06월 17일,0,0,1,0
문경찬,KIA,06월 21일,0,1,0,0
문경찬,KIA,06월 24일,1,0,0,0
문경찬,KIA,06월 30일,0,0,0,3
문경찬,KIA,07월 08일,0,0,3,0
문경찬,KIA,07월 10일,0,3,0,0
문승원,SK,04월 18일,3,2,3,1
문승원,SK,04월 24일,2,3,1,2
문승원,SK,04월 29일,3,1,2,6
문승원,SK,05월 05일,1,2,6,0
문승원,SK,05월 11일,2,6,0,5
문승원,SK,05월 19일,6,0,5,0
문승원,SK,05월 24일,0,5,0,1
문승원,SK,05월 30일,5,0,1,8
문승원,SK,06월 05일,0,1,8,2
문승원,SK,06월 10일,1,8,2,3
문승원,SK,06월 16일,8,2,3,3
문승원,SK,06월 22일,2,3,3,5
문승원,SK,07월 03일,3,3,5,3
문승원,SK,07월 08일,3,5,3,4
박근홍,삼성,06월 20일,0,0,0,0
박근홍,삼성,06월 22일,0,0,0,0
박근홍,삼성,06월 24일,0,0,0,4
박근홍,삼성,06월 27일,0,0,4,0
박근홍,삼성,07월 07일,0,4,0,0
박상원,한화,04월 13일,0,0,0,0
박상원,한화,04월 17일,0,0,0,0
박상원,한화,04월 19일,0,0,0,0
박상원,한화,04월 21일,0,0,0,0
박상원,한화,05월 11일,0,0,0,0
박상원,한화,05월 22일,0,0,0,0
박상원,한화,05월 26일,0,0,0,0
박상원,한화,05월 29일,0,0,0,0
박상원,한화,05월 30일,0,0,0,0
박상원,한화,06월 01일,0,0,0,0
박상원,한화,06월 03일,0,0,0,0
박상원,한화,06월 09일,0,0,0,0
박상원,한화,06월 15일,0,0,0,3
박상원,한화,06월 24일,0,0,3,0
박상원,한화,06월 26일,0,3,0,0
박상원,한화,06월 28일,3,0,0,0
박상원,한화,06월 30일,0,0,0,1
박상원,한화,07월 06일,0,0,1,0
박상원,한화,07월 11일,0,1,0,0
박세웅,롯데,06월 27일,4,4,2,2
박세웅,롯데,07월 07일,4,2,2,8
박세진,KT,04월 24일,1,2,6,5
박세진,KT,05월 18일,2,6,5,4
박세진,KT,06월 13일,6,5,4,1
박세진,KT,06월 20일,5,4,1,9
박시영,롯데,05월 02일,5,0,1,5
박시영,롯데,06월 06일,0,1,5,2
박시영,롯데,06월 15일,1,5,2,1
박시영,롯데,06월 20일,5,2,1,1
박시영,롯데,06월 21일,2,1,1,0
박시영,롯데,06월 23일,1,1,0,3
박정배,SK,04월 04일,0,0,0,0
박정배,SK,04월 07일,0,0,0,0
박정배,SK,04월 15일,0,0,0,0
박정배,SK,04월 17일,0,0,0,0
박정배,SK,04월 19일,0,0,0,0
박정배,SK,04월 22일,0,0,0,0
박정배,SK,04월 25일,0,0,0,3
박정배,SK,04월 26일,0,0,3,0
박정배,SK,04월 28일,0,3,0,0
박정배,SK,05월 02일,3,0,0,0
박정배,SK,05월 04일,0,0,0,1
박정배,SK,05월 09일,0,0,1,1
박정배,SK,05월 20일,0,1,1,0
박정배,SK,05월 22일,1,1,0,1
박정배,SK,05월 26일,1,0,1,0
박정배,SK,06월 01일,0,1,0,0
박정배,SK,06월 03일,1,0,0,0
박정배,SK,06월 06일,0,0,0,0
박정배,SK,06월 09일,0,0,0,0
박정배,SK,06월 10일,0,0,0,0
박정배,SK,06월 12일,0,0,0,0
박정배,SK,06월 17일,0,0,0,1
박정배,SK,06월 21일,0,0,1,0
박정배,SK,06월 22일,0,1,0,0
박정배,SK,06월 27일,1,0,0,1
박정수,KIA,04월 06일,0,0,4,1
박정수,KIA,04월 10일,0,4,1,0
박정수,KIA,04월 18일,4,1,0,0
박정수,KIA,04월 22일,1,0,0,2
박종훈,SK,04월 17일,6,3,0,4
박종훈,SK,04월 22일,3,0,4,3
박종훈,SK,04월 28일,0,4,3,4
박종훈,SK,05월 04일,4,3,4,3
박종훈,SK,05월 10일,3,4,3,2
박종훈,SK,05월 18일,4,3,2,4
박종훈,SK,05월 23일,3,2,4,1
박종훈,SK,06월 03일,2,4,1,6
박종훈,SK,06월 09일,4,1,6,1
박종훈,SK,06월 15일,1,6,1,5
박종훈,SK,06월 21일,6,1,5,1
박종훈,SK,06월 29일,1,5,1,1
박종훈,SK,07월 06일,5,1,1,0
박종훈,SK,07월 12일,1,1,0,3
박주홍,한화,05월 02일,0,0,0,0
박주홍,한화,05월 04일,0,0,0,0
박주홍,한화,05월 11일,0,0,0,2
박주홍,한화,05월 18일,0,0,2,0
박주홍,한화,05월 20일,0,2,0,2
박진형,롯데,04월 07일,0,3,0,0
박진형,롯데,04월 10일,3,0,0,0
박진형,롯데,04월 18일,0,0,0,0
박진형,롯데,04월 20일,0,0,0,1
박진형,롯데,04월 25일,0,0,1,0
박진형,롯데,04월 27일,0,1,0,1
박치국,두산,04월 08일,0,0,1,0
박치국,두산,04월 10일,0,1,0,0
박치국,두산,04월 11일,1,0,0,0
박치국,두산,04월 14일,0,0,0,0
박치국,두산,04월 15일,0,0,0,0
박치국,두산,04월 24일,0,0,0,0
박치국,두산,04월 27일,0,0,0,0
박치국,두산,05월 01일,0,0,0,0
박치국,두산,05월 05일,0,0,0,0
박치국,두산,05월 09일,0,0,0,0
박치국,두산,05월 16일,0,0,0,0
박치국,두산,05월 18일,0,0,0,0
박치국,두산,05월 20일,0,0,0,1
박치국,두산,05월 22일,0,0,1,1
박치국,두산,05월 26일,0,1,1,0
박치국,두산,05월 31일,1,1,0,0
박치국,두산,06월 02일,1,0,0,0
박치국,두산,06월 03일,0,0,0,1
박치국,두산,06월 06일,0,0,1,1
박치국,두산,06월 08일,0,1,1,0
박치국,두산,06월 09일,1,1,0,0
박치국,두산,06월 14일,1,0,0,0
박치국,두산,06월 23일,0,0,0,0
박치국,두산,06월 24일,0,0,0,2
박치국,두산,06월 26일,0,0,2,1
박치국,두산,06월 27일,0,2,1,0
박치국,두산,06월 29일,2,1,0,2
박치국,두산,07월 06일,1,0,2,0
박치국,두산,07월 07일,0,2,0,0
박희수,SK,04월 08일,0,0,0,0
박희수,SK,04월 11일,0,0,0,0
박희수,SK,04월 14일,0,0,0,0
박희수,SK,04월 18일,0,0,0,0
박희수,SK,04월 24일,0,0,0,1
박희수,SK,05월 01일,0,0,1,1
박희수,SK,05월 03일,0,1,1,0
박희수,SK,06월 21일,1,1,0,0
박희수,SK,06월 29일,1,0,0,0
박희수,SK,07월 04일,0,0,0,0
박희수,SK,07월 07일,0,0,0,0
박희수,SK,07월 10일,0,0,0,0
박희수,SK,07월 11일,0,0,0,0
배민관,LG,06월 29일,0,0,0,1
배민관,LG,07월 06일,0,0,1,0
배영수,한화,04월 20일,2,8,1,5
배영수,한화,04월 27일,8,1,5,3
배영수,한화,05월 03일,1,5,3,1
배영수,한화,05월 11일,5,3,1,2
배영수,한화,05월 18일,3,1,2,3
배영수,한화,05월 24일,1,2,3,6
배영수,한화,05월 30일,2,3,6,4
배영수,한화,06월 05일,3,6,4,7
배우열,KT,04월 04일,0,1,0,0
배우열,KT,05월 05일,1,0,0,1
배장호,롯데,04월 22일,0,1,0,2
배장호,롯데,04월 26일,1,0,2,0
배장호,롯데,05월 05일,0,2,0,0
배장호,롯데,05월 10일,2,0,0,0
배장호,롯데,05월 18일,0,0,0,0
배장호,롯데,05월 19일,0,0,0,0
배장호,롯데,05월 24일,0,0,0,3
배장호,롯데,06월 27일,0,0,3,1
배장호,롯데,06월 28일,0,3,1,1
배장호,롯데,07월 05일,3,1,1,1
배재환,NC,04월 05일,0,0,0,0
배재환,NC,04월 08일,0,0,0,1
배재환,NC,04월 13일,0,0,1,0
배재환,NC,04월 15일,0,1,0,0
배재환,NC,04월 17일,1,0,0,0
배재환,NC,04월 22일,0,0,0,2
배재환,NC,04월 25일,0,0,2,0
배재환,NC,05월 08일,0,2,0,0
배재환,NC,05월 11일,2,0,0,0
배재환,NC,05월 13일,0,0,0,0
배재환,NC,05월 15일,0,0,0,0
배재환,NC,05월 18일,0,0,0,1
배재환,NC,05월 26일,0,0,1,0
배재환,NC,05월 31일,0,1,0,0
배재환,NC,06월 03일,1,0,0,0
배재환,NC,06월 10일,0,0,0,0
배재환,NC,06월 12일,0,0,0,1
배재환,NC,06월 14일,0,0,1,1
배재환,NC,06월 17일,0,1,1,1
백인식,SK,04월 04일,1,0,0,0
백인식,SK,04월 07일,0,0,0,0
백인식,SK,05월 10일,0,0,0,0
백인식,SK,05월 15일,0,0,0,0
백인식,SK,06월 16일,0,0,0,3
백인식,SK,06월 22일,0,0,3,0
백인식,SK,07월 04일,0,3,0,0
백인식,SK,07월 05일,3,0,0,0
백정현,삼성,04월 24일,4,1,7,2
백정현,삼성,04월 29일,1,7,2,0
백정현,삼성,05월 08일,7,2,0,1
백정현,삼성,05월 17일,2,0,1,3
백정현,삼성,05월 25일,0,1,3,0
백정현,삼성,06월 01일,1,3,0,1
백정현,삼성,06월 07일,3,0,1,1
백정현,삼성,06월 21일,0,1,1,4
백정현,삼성,06월 27일,1,1,4,2
백정현,삼성,07월 04일,1,4,2,6
백정현,삼성,07월 10일,4,2,6,3
베렛,NC,04월 13일,0,4,4,3
베렛,NC,04월 19일,4,4,3,5
베렛,NC,04월 25일,4,3,5,2
베렛,NC,05월 01일,3,5,2,4
베렛,NC,05월 06일,5,2,4,7
베렛,NC,05월 13일,2,4,7,3
베렛,NC,06월 07일,4,7,3,3
베렛,NC,06월 13일,7,3,3,3
베렛,NC,06월 20일,3,3,3,1
베렛,NC,06월 26일,3,3,1,4
베렛,NC,07월 03일,3,1,4,2
베렛,NC,07월 08일,1,4,2,1
변진수,두산,04월 26일,0,1,6,0
변진수,두산,05월 23일,1,6,0,1
변진수,두산,05월 27일,6,0,1,0
보니야,삼성,04월 17일,9,2,6,3
보니야,삼성,04월 22일,2,6,3,3
보니야,삼성,04월 28일,6,3,3,6
보니야,삼성,05월 04일,3,3,6,3
보니야,삼성,05월 10일,3,6,3,3
보니야,삼성,05월 18일,6,3,3,0
보니야,삼성,05월 24일,3,3,0,1
보니야,삼성,05월 30일,3,0,1,3
보니야,삼성,06월 05일,0,1,3,4
보니야,삼성,06월 10일,1,3,4,3
보니야,삼성,06월 16일,3,4,3,7
보니야,삼성,06월 22일,4,3,7,6
보니야,삼성,06월 28일,3,7,6,3
보니야,삼성,07월 05일,7,6,3,2
보니야,삼성,07월 11일,6,3,2,2
브리검,넥센,04월 13일,2,4,5,2
브리검,넥센,04월 19일,4,5,2,1
브리검,넥센,04월 25일,5,2,1,2
브리검,넥센,05월 01일,2,1,2,4
브리검,넥센,05월 08일,1,2,4,6
브리검,넥센,05월 15일,2,4,6,1
브리검,넥센,05월 20일,4,6,1,1
브리검,넥센,05월 26일,6,1,1,2
브리검,넥센,06월 01일,1,1,2,3
브리검,넥센,06월 07일,1,2,3,3
브리검,넥센,06월 13일,2,3,3,1
브리검,넥센,06월 19일,3,3,1,4
브리검,넥센,06월 24일,3,1,4,7
브리검,넥센,07월 01일,1,4,7,0
브리검,넥센,07월 07일,4,7,0,4
산체스,SK,04월 13일,1,1,2,0
산체스,SK,04월 19일,1,2,0,5
산체스,SK,04월 25일,2,0,5,1
산체스,SK,05월 01일,0,5,1,2
산체스,SK,05월 13일,5,1,2,0
산체스,SK,05월 16일,1,2,0,5
산체스,SK,05월 22일,2,0,5,4
산체스,SK,05월 27일,0,5,4,3
산체스,SK,06월 02일,5,4,3,1
산체스,SK,06월 08일,4,3,1,6
산체스,SK,06월 14일,3,1,6,2
산체스,SK,06월 20일,1,6,2,3
산체스,SK,06월 27일,6,2,3,1
산체스,SK,07월 04일,2,3,1,3
산체스,SK,07월 10일,3,1,3,3
샘슨,한화,04월 12일,6,8,2,1
샘슨,한화,04월 18일,8,2,1,3
샘슨,한화,04월 25일,2,1,3,1
샘슨,한화,05월 01일,1,3,1,3
샘슨,한화,05월 08일,3,1,3,7
샘슨,한화,05월 13일,1,3,7,0
샘슨,한화,05월 19일,3,7,0,1
샘슨,한화,05월 25일,7,0,1,3
샘슨,한화,05월 31일,0,1,3,5
샘슨,한화,06월 06일,1,3,5,0
샘슨,한화,06월 12일,3,5,0,2
샘슨,한화,06월 17일,5,0,2,4
샘슨,한화,06월 23일,0,2,4,1
샘슨,한화,06월 29일,2,4,1,2
샘슨,한화,07월 05일,4,1,2,2
샘슨,한화,07월 11일,1,2,2,9
서균,한화,04월 04일,0,1,0,0
서균,한화,04월 15일,1,0,0,0
서균,한화,04월 29일,0,0,0,0
서균,한화,05월 11일,0,0,0,0
서균,한화,05월 16일,0,0,0,0
서균,한화,05월 27일,0,0,0,0
서균,한화,06월 05일,0,0,0,0
서균,한화,06월 15일,0,0,0,0
서균,한화,06월 19일,0,0,0,0
서균,한화,06월 21일,0,0,0,0
서균,한화,06월 26일,0,0,0,2
서균,한화,06월 29일,0,0,2,0
서균,한화,06월 30일,0,2,0,0
서균,한화,07월 06일,2,0,0,0
서균,한화,07월 11일,0,0,0,3
서진용,SK,04월 01일,0,4,0,0
서진용,SK,04월 07일,4,0,0,0
서진용,SK,04월 10일,0,0,0,0
서진용,SK,04월 13일,0,0,0,0
서진용,SK,04월 15일,0,0,0,2
서진용,SK,04월 21일,0,0,2,1
서진용,SK,04월 27일,0,2,1,0
서진용,SK,04월 29일,2,1,0,1
서진용,SK,05월 04일,1,0,1,0
서진용,SK,05월 09일,0,1,0,0
서진용,SK,05월 10일,1,0,0,0
서진용,SK,05월 13일,0,0,0,0
서진용,SK,05월 15일,0,0,0,0
서진용,SK,05월 23일,0,0,0,0
서진용,SK,05월 24일,0,0,0,0
서진용,SK,05월 26일,0,0,0,0
서진용,SK,05월 31일,0,0,0,0
서진용,SK,06월 08일,0,0,0,1
서진용,SK,06월 09일,0,0,1,0
서진용,SK,06월 13일,0,1,0,1
소사,LG,04월 14일,3,2,2,0
소사,LG,04월 20일,2,2,0,1
소사,LG,04월 26일,2,0,1,0
소사,LG,05월 02일,0,1,0,2
소사,LG,05월 08일,1,0,2,4
소사,LG,05월 13일,0,2,4,3
소사,LG,05월 19일,2,4,3,2
소사,LG,05월 24일,4,3,2,0
소사,LG,05월 30일,3,2,0,4
소사,LG,06월 05일,2,0,4,2
소사,LG,06월 10일,0,4,2,7
소사,LG,06월 16일,4,2,7,3
소사,LG,06월 22일,2,7,3,1
소사,LG,06월 29일,7,3,1,7
소사,LG,07월 05일,3,1,7,3
소사,LG,07월 11일,1,7,3,1
손승락,롯데,04월 13일,0,0,0,0
손승락,롯데,04월 18일,0,0,0,0
손승락,롯데,04월 20일,0,0,0,0
손승락,롯데,04월 21일,0,0,0,0
손승락,롯데,04월 25일,0,0,0,0
손승락,롯데,04월 27일,0,0,0,0
손승락,롯데,04월 29일,0,0,0,0
손승락,롯데,05월 08일,0,0,0,0
손승락,롯데,05월 13일,0,0,0,0
손승락,롯데,05월 15일,0,0,0,0
손승락,롯데,05월 20일,0,0,0,0
손승락,롯데,05월 27일,0,0,0,0
손승락,롯데,05월 31일,0,0,0,4
손승락,롯데,06월 13일,0,0,4,1
손승락,롯데,06월 19일,0,4,1,0
손승락,롯데,06월 21일,4,1,0,0
손승락,롯데,06월 24일,1,0,0,0
손승락,롯데,06월 27일,0,0,0,1
손승락,롯데,06월 28일,0,0,1,0
손승락,롯데,07월 06일,0,1,0,0
손승락,롯데,07월 08일,1,0,0,0
송승준,롯데,06월 01일,4,3,0,5
송승준,롯데,06월 07일,3,0,5,3
송승준,롯데,06월 14일,0,5,3,0
송승준,롯데,06월 15일,5,3,0,1
송승준,롯데,06월 19일,3,0,1,1
송승준,롯데,06월 26일,0,1,1,1
송승준,롯데,06월 29일,1,1,1,1
송승준,롯데,07월 08일,1,1,1,5
송은범,한화,04월 08일,0,0,2,0
송은범,한화,04월 11일,0,2,0,0
송은범,한화,04월 13일,2,0,0,1
송은범,한화,04월 17일,0,0,1,0
송은범,한화,04월 21일,0,1,0,2
송은범,한화,04월 27일,1,0,2,2
송은범,한화,04월 29일,0,2,2,0
송은범,한화,05월 08일,2,2,0,2
송은범,한화,05월 10일,2,0,2,0
송은범,한화,05월 15일,0,2,0,0
송은범,한화,05월 16일,2,0,0,0
송은범,한화,05월 18일,0,0,0,0
송은범,한화,05월 19일,0,0,0,0
송은범,한화,05월 22일,0,0,0,1
송은범,한화,05월 30일,0,0,1,0
송은범,한화,06월 01일,0,1,0,0
송은범,한화,06월 07일,1,0,0,0
송은범,한화,06월 12일,0,0,0,0
송은범,한화,06월 16일,0,0,0,0
송은범,한화,06월 17일,0,0,0,1
송은범,한화,06월 20일,0,0,1,0
송은범,한화,07월 03일,0,1,0,0
송은범,한화,07월 05일,1,0,0,0
송창식,한화,06월 26일,0,1,0,4
송창식,한화,07월 03일,1,0,4,1
신병률,KT,04월 18일,0,0,1,1
신병률,KT,04월 21일,0,1,1,0
신병률,KT,04월 24일,1,1,0,8
신병률,KT,05월 01일,1,0,8,0
신병률,KT,05월 08일,0,8,0,2
신병률,KT,05월 11일,8,0,2,0
신병률,KT,06월 08일,0,2,0,2
신병률,KT,06월 10일,2,0,2,0
신병률,KT,06월 17일,0,2,0,0
신병률,KT,06월 21일,2,0,0,0
신병률,KT,06월 22일,0,0,0,3
신병률,KT,06월 27일,0,0,3,0
신재영,넥센,04월 14일,7,5,2,6
신재영,넥센,04월 20일,5,2,6,1
신재영,넥센,04월 26일,2,6,1,6
신재영,넥센,05월 02일,6,1,6,5
신재영,넥센,05월 09일,1,6,5,2
신재영,넥센,05월 16일,6,5,2,1
신재영,넥센,05월 22일,5,2,1,3
신재영,넥센,05월 27일,2,1,3,6
신재영,넥센,06월 02일,1,3,6,2
신재영,넥센,06월 08일,3,6,2,5
신재영,넥센,06월 26일,6,2,5,2
신재영,넥센,07월 06일,2,5,2,1
신재영,넥센,07월 12일,5,2,1,2
신재웅,SK,04월 10일,0,0,0,1
신재웅,SK,04월 19일,0,0,1,0
신재웅,SK,04월 22일,0,1,0,0
신재웅,SK,04월 24일,1,0,0,0
신재웅,SK,04월 25일,0,0,0,0
신재웅,SK,05월 02일,0,0,0,0
신재웅,SK,05월 04일,0,0,0,0
신재웅,SK,05월 05일,0,0,0,1
신재웅,SK,05월 10일,0,0,1,0
신재웅,SK,05월 15일,0,1,0,0
신재웅,SK,05월 24일,1,0,0,0
신재웅,SK,05월 25일,0,0,0,0
신재웅,SK,05월 27일,0,0,0,3
신재웅,SK,06월 05일,0,0,3,0
신재웅,SK,06월 09일,0,3,0,1
신재웅,SK,06월 13일,3,0,1,0
신재웅,SK,06월 17일,0,1,0,0
신재웅,SK,06월 21일,1,0,0,0
신재웅,SK,06월 23일,0,0,0,0
신재웅,SK,06월 27일,0,0,0,0
신재웅,SK,06월 30일,0,0,0,0
신재웅,SK,07월 04일,0,0,0,2
신재웅,SK,07월 07일,0,0,2,0
신재웅,SK,07월 12일,0,2,0,0
신정락,LG,05월 31일,2,3,0,1
신정락,LG,06월 05일,3,0,1,0
신정락,LG,06월 12일,0,1,0,1
신정락,LG,06월 14일,1,0,1,0
신정락,LG,06월 17일,0,1,0,0
신정락,LG,06월 23일,1,0,0,4
신정락,LG,07월 03일,0,0,4,0
신정락,LG,07월 05일,0,4,0,0
신정락,LG,07월 10일,4,0,0,1
신정락,LG,07월 12일,0,0,1,0
심재민,KT,04월 05일,2,2,0,0
심재민,KT,04월 11일,2,0,0,0
심재민,KT,04월 15일,0,0,0,1
심재민,KT,04월 17일,0,0,1,1
심재민,KT,04월 20일,0,1,1,1
심재민,KT,04월 22일,1,1,1,0
심재민,KT,04월 25일,1,1,0,1
심재민,KT,04월 27일,1,0,1,0
심재민,KT,04월 29일,0,1,0,0
심재민,KT,05월 09일,1,0,0,0
심재민,KT,05월 15일,0,0,0,0
심재민,KT,05월 25일,0,0,0,0
심재민,KT,05월 27일,0,0,0,0
심재민,KT,05월 30일,0,0,0,0
심재민,KT,06월 08일,0,0,0,3
심재민,KT,06월 09일,0,0,3,0
심재민,KT,06월 12일,0,3,0,1
심재민,KT,06월 15일,3,0,1,1
심창민,삼성,04월 01일,0,0,0,1
심창민,삼성,04월 03일,0,0,1,1
심창민,삼성,04월 07일,0,1,1,0
심창민,삼성,04월 11일,1,1,0,0
심창민,삼성,04월 13일,1,0,0,0
심창민,삼성,04월 17일,0,0,0,0
심창민,삼성,04월 18일,0,0,0,3
심창민,삼성,04월 20일,0,0,3,1
심창민,삼성,04월 21일,0,3,1,0
심창민,삼성,04월 24일,3,1,0,0
심창민,삼성,04월 28일,1,0,0,0
심창민,삼성,04월 29일,0,0,0,0
심창민,삼성,05월 02일,0,0,0,2
심창민,삼성,05월 09일,0,0,2,1
심창민,삼성,05월 11일,0,2,1,0
심창민,삼성,05월 13일,2,1,0,0
심창민,삼성,05월 15일,1,0,0,0
심창민,삼성,05월 16일,0,0,0,0
심창민,삼성,05월 18일,0,0,0,0
심창민,삼성,05월 23일,0,0,0,0
심창민,삼성,05월 30일,0,0,0,0
심창민,삼성,06월 01일,0,0,0,0
심창민,삼성,06월 02일,0,0,0,0
심창민,삼성,06월 03일,0,0,0,2
심창민,삼성,06월 07일,0,0,2,0
심창민,삼성,06월 12일,0,2,0,0
심창민,삼성,06월 14일,2,0,0,0
심창민,삼성,06월 20일,0,0,0,0
심창민,삼성,07월 01일,0,0,0,0
심창민,삼성,07월 05일,0,0,0,0
심창민,삼성,07월 08일,0,0,0,0
심창민,삼성,07월 10일,0,0,0,0
심창민,삼성,07월 11일,0,0,0,0
아델만,삼성,04월 15일,5,2,2,7
아델만,삼성,04월 21일,2,2,7,1
아델만,삼성,04월 27일,2,7,1,6
아델만,삼성,05월 03일,7,1,6,4
아델만,삼성,05월 09일,1,6,4,3
아델만,삼성,05월 15일,6,4,3,0
아델만,삼성,05월 20일,4,3,0,3
아델만,삼성,05월 26일,3,0,3,5
아델만,삼성,05월 31일,0,3,5,0
아델만,삼성,06월 06일,3,5,0,7
아델만,삼성,06월 12일,5,0,7,2
아델만,삼성,06월 17일,0,7,2,7
아델만,삼성,06월 23일,7,2,7,2
아델만,삼성,06월 29일,2,7,2,7
아델만,삼성,07월 07일,7,2,7,3
안영명,한화,04월 13일,3,0,0,0
안영명,한화,04월 15일,0,0,0,0
안영명,한화,04월 18일,0,0,0,0
안영명,한화,04월 20일,0,0,0,0
안영명,한화,04월 26일,0,0,0,0
안영명,한화,04월 28일,0,0,0,1
안영명,한화,05월 01일,0,0,1,0
안영명,한화,05월 03일,0,1,0,0
안영명,한화,05월 09일,1,0,0,1
안영명,한화,05월 10일,0,0,1,0
안영명,한화,05월 13일,0,1,0,0
안영명,한화,05월 17일,1,0,0,0
안영명,한화,05월 19일,0,0,0,0
안영명,한화,05월 25일,0,0,0,1
안영명,한화,05월 27일,0,0,1,0
안영명,한화,05월 31일,0,1,0,0
안영명,한화,06월 06일,1,0,0,1
안영명,한화,06월 07일,0,0,1,2
안영명,한화,06월 09일,0,1,2,3
안영명,한화,07월 06일,1,2,3,2
안우진,넥센,06월 09일,0,0,6,5
안우진,넥센,06월 14일,0,6,5,3
안우진,넥센,06월 17일,6,5,3,3
안우진,넥센,06월 22일,5,3,3,1
안우진,넥센,06월 26일,3,3,1,0
양창섭,삼성,06월 20일,0,2,4,4
양창섭,삼성,06월 26일,2,4,4,1
양창섭,삼성,07월 06일,4,4,1,8
양창섭,삼성,07월 12일,4,1,8,2
양현,넥센,06월 06일,0,0,1,0
양현,넥센,06월 08일,0,1,0,0
양현,넥센,06월 09일,1,0,0,0
양현,넥센,06월 14일,0,0,0,0
양현,넥센,06월 17일,0,0,0,1
양현,넥센,06월 19일,0,0,1,0
양현,넥센,06월 20일,0,1,0,2
양현,넥센,06월 24일,1,0,2,0
양현,넥센,06월 26일,0,2,0,0
양현,넥센,06월 27일,2,0,0,0
양현,넥센,07월 01일,0,0,0,1
양현,넥센,07월 05일,0,0,1,0
양현,넥센,07월 06일,0,1,0,0
양현종,KIA,04월 13일,1,6,1,0
양현종,KIA,04월 19일,6,1,0,4
양현종,KIA,04월 26일,1,0,4,3
양현종,KIA,05월 02일,0,4,3,5
양현종,KIA,05월 08일,4,3,5,0
양현종,KIA,05월 15일,3,5,0,1
양현종,KIA,05월 20일,5,0,1,3
양현종,KIA,05월 26일,0,1,3,2
양현종,KIA,06월 01일,1,3,2,4
양현종,KIA,06월 07일,3,2,4,0
양현종,KIA,06월 13일,2,4,0,5
양현종,KIA,06월 20일,4,0,5,4
양현종,KIA,06월 27일,0,5,4,3
양현종,KIA,07월 03일,5,4,3,2
양현종,KIA,07월 08일,4,3,2,5
엄상백,KT,04월 05일,0,0,0,1
엄상백,KT,04월 08일,0,0,1,3
엄상백,KT,04월 10일,0,1,3,0
엄상백,KT,04월 25일,1,3,0,0
엄상백,KT,05월 10일,3,0,0,0
엄상백,KT,05월 15일,0,0,0,0
엄상백,KT,05월 19일,0,0,0,1
엄상백,KT,05월 25일,0,0,1,0
엄상백,KT,05월 27일,0,1,0,0
엄상백,KT,06월 10일,1,0,0,0
엄상백,KT,06월 16일,0,0,0,1
엄상백,KT,07월 07일,0,0,1,0
여건욱,LG,04월 26일,1,0,0,0
여건욱,LG,05월 01일,0,0,0,0
여건욱,LG,05월 05일,0,0,0,0
여건욱,LG,05월 13일,0,0,0,3
여건욱,LG,07월 10일,0,0,3,2
오주원,넥센,04월 10일,0,0,0,0
오주원,넥센,04월 14일,0,0,0,0
오주원,넥센,04월 17일,0,0,0,1
오주원,넥센,04월 27일,0,0,1,1
오주원,넥센,04월 29일,0,1,1,1
오주원,넥센,05월 05일,1,1,1,0
오주원,넥센,05월 08일,1,1,0,0
오주원,넥센,05월 10일,1,0,0,0
오주원,넥센,05월 24일,0,0,0,0
오주원,넥센,05월 26일,0,0,0,0
오주원,넥센,05월 30일,0,0,0,0
오주원,넥센,06월 03일,0,0,0,0
오주원,넥센,06월 07일,0,0,0,0
오주원,넥센,06월 10일,0,0,0,0
오주원,넥센,06월 12일,0,0,0,0
오주원,넥센,06월 16일,0,0,0,0
오주원,넥센,06월 20일,0,0,0,0
오주원,넥센,06월 23일,0,0,0,0
오주원,넥센,06월 27일,0,0,0,0
오주원,넥센,07월 07일,0,0,0,0
오주원,넥센,07월 08일,0,0,0,0
오주원,넥센,07월 12일,0,0,0,0
오현택,롯데,04월 11일,0,0,1,0
오현택,롯데,04월 18일,0,1,0,0
오현택,롯데,04월 20일,1,0,0,0
오현택,롯데,04월 21일,0,0,0,0
오현택,롯데,04월 27일,0,0,0,0
오현택,롯데,04월 29일,0,0,0,1
오현택,롯데,05월 01일,0,0,1,0
오현택,롯데,05월 03일,0,1,0,0
오현택,롯데,05월 08일,1,0,0,0
오현택,롯데,05월 11일,0,0,0,0
오현택,롯데,05월 13일,0,0,0,0
오현택,롯데,05월 17일,0,0,0,0
오현택,롯데,05월 20일,0,0,0,0
오현택,롯데,05월 26일,0,0,0,0
오현택,롯데,05월 31일,0,0,0,0
오현택,롯데,06월 03일,0,0,0,0
오현택,롯데,06월 13일,0,0,0,0
오현택,롯데,06월 16일,0,0,0,0
오현택,롯데,06월 19일,0,0,0,0
오현택,롯데,06월 24일,0,0,0,0
오현택,롯데,06월 27일,0,0,0,1
오현택,롯데,06월 28일,0,0,1,0
오현택,롯데,06월 30일,0,1,0,1
오현택,롯데,07월 06일,1,0,1,0
오현택,롯데,07월 08일,0,1,0,0
오현택,롯데,07월 11일,1,0,0,0
왕웨이중,NC,04월 11일,1,2,1,5
왕웨이중,NC,04월 17일,2,1,5,2
왕웨이중,NC,04월 22일,1,5,2,3
왕웨이중,NC,04월 28일,5,2,3,1
왕웨이중,NC,05월 18일,2,3,1,0
왕웨이중,NC,05월 24일,3,1,0,4
왕웨이중,NC,05월 30일,1,0,4,8
왕웨이중,NC,06월 05일,0,4,8,7
왕웨이중,NC,06월 10일,4,8,7,2
왕웨이중,NC,06월 16일,8,7,2,1
왕웨이중,NC,06월 23일,7,2,1,6
왕웨이중,NC,06월 29일,2,1,6,5
왕웨이중,NC,07월 11일,1,6,5,0
우규민,삼성,05월 17일,0,0,1,1
우규민,삼성,05월 19일,0,1,1,1
우규민,삼성,05월 25일,1,1,1,1
우규민,삼성,05월 29일,1,1,1,1
우규민,삼성,06월 03일,1,1,1,1
우규민,삼성,06월 08일,1,1,1,0
우규민,삼성,06월 10일,1,1,0,0
우규민,삼성,06월 13일,1,0,0,0
우규민,삼성,06월 14일,0,0,0,0
우규민,삼성,06월 17일,0,0,0,1
우규민,삼성,06월 20일,0,0,1,0
우규민,삼성,06월 21일,0,1,0,0
우규민,삼성,06월 23일,1,0,0,1
우규민,삼성,06월 26일,0,0,1,0
우규민,삼성,06월 29일,0,1,0,1
우규민,삼성,07월 04일,1,0,1,0
우규민,삼성,07월 06일,0,1,0,2
우규민,삼성,07월 08일,1,0,2,0
우규민,삼성,07월 12일,0,2,0,0
원종현,NC,05월 04일,0,0,3,0
원종현,NC,05월 08일,0,3,0,0
원종현,NC,05월 11일,3,0,0,0
원종현,NC,05월 15일,0,0,0,0
원종현,NC,05월 19일,0,0,0,0
원종현,NC,05월 25일,0,0,0,0
원종현,NC,05월 26일,0,0,0,0
원종현,NC,05월 31일,0,0,0,1
원종현,NC,06월 07일,0,0,1,0
원종현,NC,06월 09일,0,1,0,1
원종현,NC,06월 12일,1,0,1,0
원종현,NC,06월 13일,0,1,0,0
원종현,NC,06월 14일,1,0,0,0
원종현,NC,06월 16일,0,0,0,0
원종현,NC,07월 03일,0,0,0,0
원종현,NC,07월 05일,0,0,0,0
원종현,NC,07월 07일,0,0,0,0
원종현,NC,07월 08일,0,0,0,0
원종현,NC,07월 10일,0,0,0,2
원종현,NC,07월 11일,0,0,2,0
윌슨,LG,04월 12일,2,3,3,0
윌슨,LG,04월 18일,3,3,0,3
윌슨,LG,04월 29일,3,0,3,2
윌슨,LG,05월 05일,0,3,2,3
윌슨,LG,05월 11일,3,2,3,6
윌슨,LG,05월 17일,2,3,6,2
윌슨,LG,05월 23일,3,6,2,2
윌슨,LG,05월 29일,6,2,2,3
윌슨,LG,06월 03일,2,2,3,0
윌슨,LG,06월 09일,2,3,0,0
윌슨,LG,06월 15일,3,0,0,1
윌슨,LG,06월 21일,0,0,1,4
윌슨,LG,06월 27일,0,1,4,2
윌슨,LG,07월 03일,1,4,2,3
윌슨,LG,07월 08일,4,2,3,1
유승철,KIA,04월 12일,0,2,1,0
유승철,KIA,04월 20일,2,1,0,0
유승철,KIA,04월 22일,1,0,0,1
유승철,KIA,04월 27일,0,0,1,0
유승철,KIA,05월 05일,0,1,0,2
유승철,KIA,05월 08일,1,0,2,0
유승철,KIA,05월 13일,0,2,0,0
유승철,KIA,05월 16일,2,0,0,0
유승철,KIA,05월 22일,0,0,0,0
유승철,KIA,05월 26일,0,0,0,3
유승철,KIA,05월 30일,0,0,3,0
유승철,KIA,06월 13일,0,3,0,0
유승철,KIA,06월 20일,3,0,0,0
유승철,KIA,06월 30일,0,0,0,0
유승철,KIA,07월 03일,0,0,0,0
유승철,KIA,07월 06일,0,0,0,0
유원상,NC,03월 30일,0,0,0,0
유원상,NC,04월 03일,0,0,0,0
유원상,NC,04월 05일,0,0,0,3
유원상,NC,04월 13일,0,0,3,1
유원상,NC,04월 21일,0,3,1,1
유원상,NC,04월 24일,3,1,1,0
유원상,NC,04월 27일,1,1,0,1
유원상,NC,04월 29일,1,0,1,1
유원상,NC,05월 02일,0,1,1,2
유원상,NC,05월 03일,1,1,2,3
유원상,NC,05월 06일,1,2,3,0
유원상,NC,05월 09일,2,3,0,2
유원상,NC,05월 10일,3,0,2,1
유원상,NC,05월 22일,0,2,1,0
유원상,NC,05월 24일,2,1,0,0
유원상,NC,05월 25일,1,0,0,4
유원상,NC,05월 29일,0,0,4,0
유원상,NC,06월 28일,0,4,0,0
유원상,NC,07월 03일,4,0,0,0
유원상,NC,07월 04일,0,0,0,1
유원상,NC,07월 12일,0,0,1,1
유희관,두산,04월 17일,4,1,5,5
유희관,두산,04월 22일,1,5,5,6
유희관,두산,04월 28일,5,5,6,5
유희관,두산,05월 04일,5,6,5,6
유희관,두산,05월 19일,6,5,6,1
유희관,두산,05월 25일,5,6,1,3
유희관,두산,05월 31일,6,1,3,2
유희관,두산,06월 06일,1,3,2,2
유희관,두산,06월 12일,3,2,2,2
유희관,두산,06월 17일,2,2,2,6
유희관,두산,06월 23일,2,2,6,4
유희관,두산,06월 29일,2,6,4,1
유희관,두산,07월 06일,6,4,1,6
유희관,두산,07월 12일,4,1,6,7
윤규진,한화,04월 22일,6,4,2,8
윤규진,한화,06월 10일,4,2,8,2
윤규진,한화,06월 16일,2,8,2,2
윤규진,한화,06월 22일,8,2,2,0
윤규진,한화,06월 28일,2,2,0,1
윤규진,한화,07월 04일,2,0,1,4
윤규진,한화,07월 10일,0,1,4,1
윤근영,KT,06월 24일,0,0,1,0
윤근영,KT,07월 11일,0,1,0,3
윤길현,롯데,05월 23일,0,0,1,0
윤길현,롯데,05월 26일,0,1,0,0
윤길현,롯데,05월 31일,1,0,0,1
윤길현,롯데,06월 02일,0,0,1,1
윤길현,롯데,06월 06일,0,1,1,0
윤길현,롯데,06월 09일,1,1,0,3
윤길현,롯데,06월 13일,1,0,3,0
윤길현,롯데,06월 20일,0,3,0,0
윤길현,롯데,06월 21일,3,0,0,2
윤길현,롯데,06월 23일,0,0,2,3
윤석민,KIA,06월 20일,5,5,6,1
윤석민,KIA,06월 22일,5,6,1,1
윤석민,KIA,06월 24일,6,1,1,0
윤석민,KIA,06월 29일,1,1,0,0
윤석민,KIA,07월 04일,1,0,0,0
윤성빈,롯데,04월 13일,2,3,2,2
윤성빈,롯데,04월 20일,3,2,2,3
윤성빈,롯데,04월 26일,2,2,3,5
윤성빈,롯데,05월 09일,2,3,5,3
윤성빈,롯데,05월 20일,3,5,3,1
윤성빈,롯데,05월 26일,5,3,1,3
윤성빈,롯데,06월 26일,3,1,3,6
윤성환,삼성,04월 14일,3,5,3,6
윤성환,삼성,04월 20일,5,3,6,4
윤성환,삼성,04월 26일,3,6,4,4
윤성환,삼성,05월 02일,6,4,4,5
윤성환,삼성,05월 08일,4,4,5,3
윤성환,삼성,05월 16일,4,5,3,6
윤성환,삼성,05월 22일,5,3,6,4
윤성환,삼성,05월 27일,3,6,4,8
윤성환,삼성,06월 13일,6,4,8,8
윤성환,삼성,06월 19일,4,8,8,5
윤성환,삼성,06월 24일,8,8,5,4
윤성환,삼성,07월 01일,8,5,4,3
윤성환,삼성,07월 08일,5,4,3,1
윤영삼,넥센,07월 11일,0,0,0,4
윤희상,SK,04월 08일,0,1,0,0
윤희상,SK,04월 10일,1,0,0,0
윤희상,SK,04월 14일,0,0,0,0
윤희상,SK,04월 17일,0,0,0,0
윤희상,SK,04월 21일,0,0,0,0
윤희상,SK,04월 27일,0,0,0,0
윤희상,SK,05월 18일,0,0,0,0
윤희상,SK,05월 20일,0,0,0,1
윤희상,SK,06월 02일,0,0,1,0
윤희상,SK,06월 06일,0,1,0,0
윤희상,SK,06월 07일,1,0,0,0
윤희상,SK,06월 12일,0,0,0,3
윤희상,SK,07월 10일,0,0,3,0
이동현,LG,05월 06일,0,0,0,1
이동현,LG,05월 11일,0,0,1,0
이동현,LG,05월 18일,0,1,0,0
이동현,LG,05월 20일,1,0,0,0
이동현,LG,05월 31일,0,0,0,1
이동현,LG,06월 14일,0,0,1,1
이동현,LG,06월 20일,0,1,1,0
이동현,LG,07월 04일,1,1,0,0
이동현,LG,07월 06일,1,0,0,4
이동현,LG,07월 10일,0,0,4,0
이명우,롯데,04월 24일,1,0,1,2
이명우,롯데,05월 09일,0,1,2,0
이명우,롯데,05월 19일,1,2,0,0
이명우,롯데,05월 30일,2,0,0,3
이명우,롯데,06월 17일,0,0,3,2
이명우,롯데,06월 23일,0,3,2,1
이명우,롯데,06월 29일,3,2,1,1
이명우,롯데,07월 05일,2,1,1,2
이명우,롯데,07월 07일,1,1,2,1
이민우,KIA,04월 20일,4,6,4,0
이민우,KIA,04월 21일,6,4,0,0
이민우,KIA,04월 25일,4,0,0,0
이민우,KIA,04월 27일,0,0,0,0
이민우,KIA,05월 01일,0,0,0,2
이민우,KIA,05월 10일,0,0,2,0
이민우,KIA,06월 08일,0,2,0,1
이민우,KIA,06월 14일,2,0,1,3
이민호,NC,04월 28일,0,0,0,0
이민호,NC,05월 02일,0,0,0,0
이민호,NC,05월 04일,0,0,0,0
이민호,NC,05월 08일,0,0,0,0
이민호,NC,05월 11일,0,0,0,2
이민호,NC,05월 15일,0,0,2,1
이민호,NC,05월 18일,0,2,1,0
이민호,NC,06월 02일,2,1,0,0
이민호,NC,06월 06일,1,0,0,0
이민호,NC,06월 07일,0,0,0,0
이민호,NC,06월 13일,0,0,0,0
이민호,NC,06월 14일,0,0,0,0
이민호,NC,06월 15일,0,0,0,0
이민호,NC,06월 21일,0,0,0,0
이민호,NC,06월 24일,0,0,0,1
이민호,NC,07월 03일,0,0,1,2
이민호,NC,07월 08일,0,1,2,0
이민호,NC,07월 10일,1,2,0,0
이민호,NC,07월 11일,2,0,0,1
이민호,NC,07월 12일,0,0,1,0
이보근,넥센,04월 12일,2,0,0,0
이보근,넥센,04월 14일,0,0,0,0
이보근,넥센,04월 17일,0,0,0,0
이보근,넥센,04월 25일,0,0,0,0
이보근,넥센,04월 29일,0,0,0,0
이보근,넥센,05월 08일,0,0,0,0
이보근,넥센,05월 10일,0,0,0,0
이보근,넥센,05월 11일,0,0,0,0
이보근,넥센,05월 15일,0,0,0,1
이보근,넥센,05월 19일,0,0,1,0
이보근,넥센,05월 20일,0,1,0,0
이보근,넥센,05월 24일,1,0,0,0
이보근,넥센,05월 26일,0,0,0,0
이보근,넥센,05월 30일,0,0,0,0
이보근,넥센,06월 03일,0,0,0,0
이보근,넥센,06월 19일,0,0,0,1
이보근,넥센,06월 20일,0,0,1,0
이보근,넥센,06월 23일,0,1,0,2
이보근,넥센,06월 27일,1,0,2,4
이보근,넥센,07월 04일,0,2,4,0
이보근,넥센,07월 07일,2,4,0,0
이상화,KT,04월 12일,0,0,0,0
이상화,KT,04월 15일,0,0,0,0
이상화,KT,04월 19일,0,0,0,0
이상화,KT,04월 22일,0,0,0,0
이승진,SK,05월 11일,0,2,0,0
이승진,SK,05월 13일,2,0,0,0
이승진,SK,05월 30일,0,0,0,2
이승진,SK,06월 02일,0,0,2,0
이승진,SK,06월 03일,0,2,0,0
이승진,SK,06월 06일,2,0,0,0
이승진,SK,06월 08일,0,0,0,0
이승진,SK,06월 17일,0,0,0,1
이승진,SK,06월 23일,0,0,1,2
이승호,넥센,06월 16일,0,0,2,0
이승호,넥센,06월 21일,0,2,0,0
이승호,넥센,07월 03일,2,0,0,2
이승호,넥센,07월 06일,0,0,2,1
이승호,넥센,07월 08일,0,2,1,1
이승호,넥센,07월 12일,2,1,1,1
이영하,두산,04월 01일,0,0,0,4
이영하,두산,04월 12일,0,0,4,1
이영하,두산,04월 18일,0,4,1,2
이영하,두산,04월 24일,4,1,2,3
이영하,두산,04월 29일,1,2,3,0
이영하,두산,05월 04일,2,3,0,2
이영하,두산,05월 10일,3,0,2,5
이영하,두산,05월 16일,0,2,5,3
이영하,두산,05월 23일,2,5,3,2
이영하,두산,05월 25일,5,3,2,3
이영하,두산,06월 03일,3,2,3,6
이영하,두산,06월 09일,2,3,6,0
이영하,두산,06월 15일,3,6,0,0
이영하,두산,06월 17일,6,0,0,3
이영하,두산,06월 20일,0,0,3,2
이영하,두산,07월 05일,0,3,2,0
이영하,두산,07월 08일,3,2,0,2
이영하,두산,07월 12일,2,0,2,2
이용찬,두산,05월 13일,1,2,2,0
이용찬,두산,05월 18일,2,2,0,0
이용찬,두산,05월 24일,2,0,0,0
이용찬,두산,05월 30일,0,0,0,3
이용찬,두산,06월 05일,0,0,3,7
이용찬,두산,06월 10일,0,3,7,0
이용찬,두산,06월 16일,3,7,0,3
이용찬,두산,06월 22일,7,0,3,10
이용찬,두산,06월 28일,0,3,10,0
이용찬,두산,07월 05일,3,10,0,1
이용찬,두산,07월 11일,10,0,1,0
이재학,NC,04월 15일,1,1,2,3
이재학,NC,04월 21일,1,2,3,4
이재학,NC,04월 27일,2,3,4,3
이재학,NC,05월 03일,3,4,3,5
이재학,NC,05월 09일,4,3,5,4
이재학,NC,05월 15일,3,5,4,1
이재학,NC,05월 20일,5,4,1,4
이재학,NC,05월 26일,4,1,4,0
이재학,NC,06월 01일,1,4,0,4
이재학,NC,06월 08일,4,0,4,4
이재학,NC,06월 14일,0,4,4,4
이재학,NC,06월 24일,4,4,4,1
이재학,NC,06월 30일,4,4,1,1
이재학,NC,07월 06일,4,1,1,3
이재학,NC,07월 12일,1,1,3,2
이종혁,KT,05월 08일,0,0,0,0
이종혁,KT,05월 09일,0,0,0,1
이종혁,KT,05월 17일,0,0,1,1
이종혁,KT,05월 20일,0,1,1,0
이종혁,KT,05월 23일,1,1,0,1
이종혁,KT,05월 26일,1,0,1,0
이종혁,KT,05월 27일,0,1,0,0
이종혁,KT,05월 31일,1,0,0,1
이종혁,KT,06월 02일,0,0,1,0
이종혁,KT,06월 06일,0,1,0,0
이종혁,KT,06월 07일,1,0,0,0
이종혁,KT,06월 10일,0,0,0,0
이종혁,KT,06월 13일,0,0,0,3
이종혁,KT,06월 15일,0,0,3,1
이종혁,KT,06월 20일,0,3,1,0
이종혁,KT,06월 21일,3,1,0,2
이종혁,KT,06월 23일,1,0,2,1
이종혁,KT,06월 27일,0,2,1,5
이종혁,KT,07월 04일,2,1,5,0
이종혁,KT,07월 05일,1,5,0,0
이종혁,KT,07월 06일,5,0,0,0
이종혁,KT,07월 08일,0,0,0,1
이태양,한화,04월 14일,0,0,1,0
이태양,한화,04월 19일,0,1,0,1
이태양,한화,04월 20일,1,0,1,1
이태양,한화,04월 27일,0,1,1,0
이태양,한화,05월 05일,1,1,0,2
이태양,한화,05월 11일,1,0,2,0
이태양,한화,05월 18일,0,2,0,0
이태양,한화,05월 20일,2,0,0,0
이태양,한화,05월 24일,0,0,0,1
이태양,한화,05월 26일,0,0,1,0
이태양,한화,05월 29일,0,1,0,0
이태양,한화,05월 30일,1,0,0,0
이태양,한화,06월 01일,0,0,0,0
이태양,한화,06월 03일,0,0,0,1
이태양,한화,06월 06일,0,0,1,0
이태양,한화,06월 08일,0,1,0,0
이태양,한화,06월 16일,1,0,0,1
이태양,한화,06월 17일,0,0,1,0
이태양,한화,06월 20일,0,1,0,0
이태양,한화,06월 23일,1,0,0,0
이태양,한화,06월 28일,0,0,0,0
이태양,한화,06월 29일,0,0,0,0
이태양,한화,07월 07일,0,0,0,0
이태양,한화,07월 08일,0,0,0,0
이태양,한화,07월 12일,0,0,0,0
이현승,두산,05월 23일,0,0,0,1
이현승,두산,05월 24일,0,0,1,0
이현승,두산,06월 02일,0,1,0,0
이현승,두산,06월 10일,1,0,0,0
이현승,두산,06월 16일,0,0,0,0
이현승,두산,06월 20일,0,0,0,0
이현승,두산,06월 22일,0,0,0,0
이현승,두산,07월 10일,0,0,0,0
이현호,두산,07월 08일,0,2,0,1
이현호,두산,07월 10일,2,0,1,0
이형범,NC,05월 30일,4,1,1,2
이형범,NC,06월 03일,1,1,2,0
이형범,NC,06월 17일,1,2,0,1
이형범,NC,06월 21일,2,0,1,0
이형범,NC,06월 28일,0,1,0,5
이형범,NC,07월 05일,1,0,5,3
임기영,KIA,05월 11일,4,4,2,6
임기영,KIA,05월 18일,4,2,6,1
임기영,KIA,05월 24일,2,6,1,9
임기영,KIA,05월 30일,6,1,9,3
임기영,KIA,06월 03일,1,9,3,2
임기영,KIA,06월 05일,9,3,2,0
임기영,KIA,06월 09일,3,2,0,0
임기영,KIA,06월 12일,2,0,0,0
임기영,KIA,06월 23일,0,0,0,4
임기영,KIA,07월 06일,0,0,4,4
임기영,KIA,07월 12일,0,4,4,4
임기준,KIA,06월 02일,0,3,0,1
임기준,KIA,06월 05일,3,0,1,0
임기준,KIA,06월 09일,0,1,0,0
임기준,KIA,06월 15일,1,0,0,0
임기준,KIA,06월 16일,0,0,0,0
임기준,KIA,06월 24일,0,0,0,2
임기준,KIA,06월 29일,0,0,2,0
임기준,KIA,07월 07일,0,2,0,2
임기준,KIA,07월 12일,2,0,2,0
임준혁,SK,06월 02일,0,2,0,0
임준혁,SK,06월 07일,2,0,0,2
임준혁,SK,06월 15일,0,0,2,2
임찬규,LG,04월 15일,3,2,4,3
임찬규,LG,04월 21일,2,4,3,2
임찬규,LG,04월 27일,4,3,2,1
임찬규,LG,05월 03일,3,2,1,4
임찬규,LG,05월 09일,2,1,4,1
임찬규,LG,05월 16일,1,4,1,2
임찬규,LG,05월 22일,4,1,2,1
임찬규,LG,05월 27일,1,2,1,5
임찬규,LG,06월 02일,2,1,5,2
임찬규,LG,06월 08일,1,5,2,2
임찬규,LG,06월 14일,5,2,2,10
임찬규,LG,06월 20일,2,2,10,8
임찬규,LG,07월 04일,2,10,8,3
임창민,NC,04월 04일,0,0,0,0
임창민,NC,04월 08일,0,0,0,3
임창민,NC,04월 10일,0,0,3,2
임창용,KIA,04월 10일,0,0,0,0
임창용,KIA,04월 17일,0,0,0,0
임창용,KIA,04월 27일,0,0,0,1
임창용,KIA,05월 02일,0,0,1,0
임창용,KIA,05월 03일,0,1,0,0
임창용,KIA,05월 04일,1,0,0,0
임창용,KIA,05월 10일,0,0,0,1
임창용,KIA,05월 13일,0,0,1,0
임창용,KIA,05월 15일,0,1,0,0
임창용,KIA,05월 18일,1,0,0,0
임창용,KIA,05월 20일,0,0,0,0
임창용,KIA,05월 22일,0,0,0,1
임창용,KIA,05월 23일,0,0,1,2
임창용,KIA,06월 03일,0,1,2,0
임창용,KIA,06월 07일,1,2,0,1
임창용,KIA,07월 10일,2,0,1,0
임현준,삼성,04월 15일,0,1,0,0
임현준,삼성,04월 27일,1,0,0,0
임현준,삼성,05월 19일,0,0,0,1
임현준,삼성,05월 26일,0,0,1,0
임현준,삼성,05월 29일,0,1,0,2
임현준,삼성,06월 08일,1,0,2,0
임현준,삼성,06월 10일,0,2,0,0
임현준,삼성,06월 15일,2,0,0,0
장민재,한화,05월 08일,1,2,0,0
장민재,한화,05월 16일,2,0,0,0
장민재,한화,05월 23일,0,0,0,0
장민재,한화,05월 26일,0,0,0,1
장민재,한화,05월 30일,0,0,1,0
장민재,한화,06월 02일,0,1,0,0
장민재,한화,06월 05일,1,0,0,0
장민재,한화,06월 12일,0,0,0,0
장민재,한화,06월 13일,0,0,0,0
장민재,한화,06월 15일,0,0,0,1
장민재,한화,06월 19일,0,0,1,0
장민재,한화,06월 23일,0,1,0,0
장민재,한화,06월 26일,1,0,0,0
장민재,한화,06월 28일,0,0,0,0
장민재,한화,06월 30일,0,0,0,0
장민재,한화,07월 04일,0,0,0,0
장민재,한화,07월 11일,0,0,0,5
장시환,롯데,05월 02일,0,0,4,1
장시환,롯데,05월 04일,0,4,1,0
장시환,롯데,05월 09일,4,1,0,0
장시환,롯데,05월 11일,1,0,0,2
장시환,롯데,05월 18일,0,0,2,3
장시환,롯데,05월 23일,0,2,3,0
장시환,롯데,05월 24일,2,3,0,0
장시환,롯데,05월 30일,3,0,0,0
장시환,롯데,06월 03일,0,0,0,0
장시환,롯데,06월 06일,0,0,0,0
장시환,롯데,06월 09일,0,0,0,0
장시환,롯데,06월 12일,0,0,0,0
장시환,롯데,06월 13일,0,0,0,0
장시환,롯데,06월 17일,0,0,0,0
장시환,롯데,06월 21일,0,0,0,0
장시환,롯데,06월 24일,0,0,0,0
장시환,롯데,07월 04일,0,0,0,0
장시환,롯데,07월 06일,0,0,0,3
장시환,롯데,07월 10일,0,0,3,0
장원삼,삼성,05월 11일,3,5,3,1
장원삼,삼성,05월 23일,5,3,1,4
장원삼,삼성,06월 03일,3,1,4,3
장원삼,삼성,06월 09일,1,4,3,0
장원준,두산,04월 14일,4,8,5,7
장원준,두산,04월 20일,8,5,7,1
장원준,두산,04월 26일,5,7,1,4
장원준,두산,05월 05일,7,1,4,0
장원준,두산,05월 11일,1,4,0,7
장원준,두산,05월 19일,4,0,7,8
장원준,두산,06월 14일,0,7,8,6
장원준,두산,06월 20일,7,8,6,6
장원준,두산,06월 26일,8,6,6,4
장원준,두산,07월 08일,6,6,4,6
장필준,삼성,04월 13일,0,0,0,0
장필준,삼성,04월 17일,0,0,0,0
장필준,삼성,04월 18일,0,0,0,0
장필준,삼성,04월 21일,0,0,0,0
장필준,삼성,04월 24일,0,0,0,0
장필준,삼성,04월 29일,0,0,0,2
장필준,삼성,05월 03일,0,0,2,0
장필준,삼성,05월 04일,0,2,0,4
장필준,삼성,05월 09일,2,0,4,0
장필준,삼성,05월 10일,0,4,0,1
장필준,삼성,05월 15일,4,0,1,0
장필준,삼성,05월 16일,0,1,0,1
장필준,삼성,05월 22일,1,0,1,0
장필준,삼성,05월 24일,0,1,0,0
장필준,삼성,05월 31일,1,0,0,0
장필준,삼성,06월 02일,0,0,0,1
장필준,삼성,06월 07일,0,0,1,0
장필준,삼성,06월 09일,0,1,0,0
장필준,삼성,06월 12일,1,0,0,0
장필준,삼성,06월 13일,0,0,0,0
장필준,삼성,06월 20일,0,0,0,0
장필준,삼성,06월 23일,0,0,0,5
장필준,삼성,07월 01일,0,0,5,0
장필준,삼성,07월 04일,0,5,0,0
장필준,삼성,07월 05일,5,0,0,0
장필준,삼성,07월 08일,0,0,0,0
장필준,삼성,07월 10일,0,0,0,0
장필준,삼성,07월 11일,0,0,0,0
장현식,NC,06월 05일,1,1,1,0
장현식,NC,06월 12일,1,1,0,0
장현식,NC,06월 16일,1,0,0,0
장현식,NC,06월 20일,0,0,0,2
장현식,NC,06월 29일,0,0,2,0
장현식,NC,07월 03일,0,2,0,2
장현식,NC,07월 05일,2,0,2,0
장현식,NC,07월 07일,0,2,0,3
전유수,SK,04월 04일,0,1,0,3
전유수,SK,04월 08일,1,0,3,2
전유수,SK,04월 18일,0,3,2,2
전유수,SK,04월 24일,3,2,2,0
전유수,SK,04월 27일,2,2,0,1
전유수,SK,04월 29일,2,0,1,0
전유수,SK,07월 05일,0,1,0,0
정성종,롯데,05월 25일,0,0,1,3
정수민,NC,04월 18일,0,0,3,0
정수민,NC,04월 24일,0,3,0,7
정수민,NC,04월 29일,3,0,7,5
정수민,NC,05월 04일,0,7,5,4
정수민,NC,05월 10일,7,5,4,4
정수민,NC,05월 17일,5,4,4,2
정수민,NC,05월 23일,4,4,2,5
정수민,NC,05월 27일,4,2,5,0
정영일,SK,04월 01일,0,1,1,0
정영일,SK,04월 03일,1,1,0,0
정영일,SK,04월 08일,1,0,0,4
정영일,SK,04월 12일,0,0,4,0
정영일,SK,04월 14일,0,4,0,0
정영일,SK,04월 19일,4,0,0,0
정영일,SK,04월 22일,0,0,0,0
정영일,SK,04월 27일,0,0,0,0
정영일,SK,05월 03일,0,0,0,0
정영일,SK,06월 14일,0,0,0,0
정영일,SK,06월 19일,0,0,0,0
정영일,SK,06월 21일,0,0,0,0
정영일,SK,06월 29일,0,0,0,0
정영일,SK,07월 03일,0,0,0,0
정영일,SK,07월 04일,0,0,0,1
정영일,SK,07월 07일,0,0,1,0
정영일,SK,07월 11일,0,1,0,0
정우람,한화,04월 10일,0,2,0,0
정우람,한화,04월 11일,2,0,0,0
정우람,한화,04월 15일,0,0,0,0
정우람,한화,04월 17일,0,0,0,0
정우람,한화,04월 25일,0,0,0,0
정우람,한화,04월 26일,0,0,0,0
정우람,한화,04월 28일,0,0,0,0
정우람,한화,05월 01일,0,0,0,1
정우람,한화,05월 04일,0,0,1,0
정우람,한화,05월 08일,0,1,0,0
정우람,한화,05월 09일,1,0,0,0
정우람,한화,05월 10일,0,0,0,0
정우람,한화,05월 16일,0,0,0,0
정우람,한화,05월 17일,0,0,0,0
정우람,한화,05월 18일,0,0,0,0
정우람,한화,05월 22일,0,0,0,0
정우람,한화,05월 23일,0,0,0,0
정우람,한화,05월 27일,0,0,0,1
정우람,한화,06월 02일,0,0,1,0
정우람,한화,06월 08일,0,1,0,0
정우람,한화,06월 10일,1,0,0,1
정우람,한화,06월 20일,0,0,1,0
정우람,한화,06월 24일,0,1,0,0
정우람,한화,06월 27일,1,0,0,0
정우람,한화,06월 29일,0,0,0,0
정우람,한화,07월 08일,0,0,0,0
정우람,한화,07월 10일,0,0,0,0
정우람,한화,07월 12일,0,0,0,0
정찬헌,LG,04월 03일,2,0,0,0
정찬헌,LG,04월 07일,0,0,0,0
정찬헌,LG,04월 08일,0,0,0,0
정찬헌,LG,04월 11일,0,0,0,0
정찬헌,LG,04월 12일,0,0,0,3
정찬헌,LG,04월 13일,0,0,3,0
정찬헌,LG,04월 15일,0,3,0,0
정찬헌,LG,04월 20일,3,0,0,0
정찬헌,LG,04월 21일,0,0,0,0
정찬헌,LG,04월 22일,0,0,0,1
정찬헌,LG,04월 25일,0,0,1,0
정찬헌,LG,04월 28일,0,1,0,0
정찬헌,LG,05월 08일,1,0,0,0
정찬헌,LG,05월 09일,0,0,0,0
정찬헌,LG,05월 16일,0,0,0,0
정찬헌,LG,05월 18일,0,0,0,1
정찬헌,LG,05월 20일,0,0,1,0
정찬헌,LG,05월 26일,0,1,0,0
정찬헌,LG,05월 29일,1,0,0,0
정찬헌,LG,05월 31일,0,0,0,0
정찬헌,LG,06월 01일,0,0,0,0
정찬헌,LG,06월 07일,0,0,0,0
정찬헌,LG,06월 08일,0,0,0,0
정찬헌,LG,06월 14일,0,0,0,0
정찬헌,LG,06월 15일,0,0,0,2
정찬헌,LG,06월 17일,0,0,2,0
정찬헌,LG,06월 22일,0,2,0,0
정찬헌,LG,06월 24일,2,0,0,0
정찬헌,LG,07월 03일,0,0,0,3
정찬헌,LG,07월 07일,0,0,3,0
정찬헌,LG,07월 11일,0,3,0,0
정찬헌,LG,07월 12일,3,0,0,0
조덕길,넥센,04월 13일,0,2,0,3
조덕길,넥센,04월 20일,2,0,3,0
조덕길,넥센,04월 26일,0,3,0,2
조덕길,넥센,05월 01일,3,0,2,0
조덕길,넥센,05월 04일,0,2,0,0
조덕길,넥센,05월 09일,2,0,0,0
조덕길,넥센,05월 17일,0,0,0,0
조덕길,넥센,05월 29일,0,0,0,2
조덕길,넥센,05월 31일,0,0,2,1
조덕길,넥센,06월 02일,0,2,1,0
조덕길,넥센,06월 06일,2,1,0,0
조덕길,넥센,06월 07일,1,0,0,0
조덕길,넥센,06월 15일,0,0,0,1
조덕길,넥센,06월 21일,0,0,1,0
조상우,넥센,03월 31일,0,2,0,0
조상우,넥센,04월 05일,2,0,0,1
조상우,넥센,04월 12일,0,0,1,0
조상우,넥센,04월 14일,0,1,0,0
조상우,넥센,04월 17일,1,0,0,0
조상우,넥센,04월 21일,0,0,0,0
조상우,넥센,04월 28일,0,0,0,3
조상우,넥센,04월 29일,0,0,3,1
조상우,넥센,05월 08일,0,3,1,4
조상우,넥센,05월 13일,3,1,4,0
조상우,넥센,05월 16일,1,4,0,0
조상우,넥센,05월 19일,4,0,0,0
조상우,넥센,05월 20일,0,0,0,0
주권,KT,05월 04일,7,8,2,8
주권,KT,05월 10일,8,2,8,2
주권,KT,05월 16일,2,8,2,4
주권,KT,05월 22일,8,2,4,8
주권,KT,05월 27일,2,4,8,6
주권,KT,06월 02일,4,8,6,3
주권,KT,06월 08일,8,6,3,4
주권,KT,06월 13일,6,3,4,2
주권,KT,06월 14일,3,4,2,2
주권,KT,06월 19일,4,2,2,1
주권,KT,07월 04일,2,2,1,0
주권,KT,07월 08일,2,1,0,0
진명호,롯데,04월 03일,0,0,0,2
진명호,롯데,04월 06일,0,0,2,0
진명호,롯데,04월 11일,0,2,0,0
진명호,롯데,04월 18일,2,0,0,0
진명호,롯데,04월 20일,0,0,0,1
진명호,롯데,04월 28일,0,0,1,0
진명호,롯데,04월 29일,0,1,0,0
진명호,롯데,05월 01일,1,0,0,0
진명호,롯데,05월 04일,0,0,0,0
진명호,롯데,05월 08일,0,0,0,0
진명호,롯데,05월 10일,0,0,0,0
진명호,롯데,05월 13일,0,0,0,0
진명호,롯데,05월 15일,0,0,0,0
진명호,롯데,05월 17일,0,0,0,0
진명호,롯데,05월 20일,0,0,0,0
진명호,롯데,05월 26일,0,0,0,0
진명호,롯데,05월 29일,0,0,0,0
진명호,롯데,05월 31일,0,0,0,0
진명호,롯데,06월 01일,0,0,0,3
진명호,롯데,06월 07일,0,0,3,2
진명호,롯데,06월 26일,0,3,2,0
진명호,롯데,06월 27일,3,2,0,0
진명호,롯데,06월 29일,2,0,0,1
진명호,롯데,07월 04일,0,0,1,0
진명호,롯데,07월 07일,0,1,0,0
진명호,롯데,07월 12일,1,0,0,0
진해수,LG,05월 16일,0,1,1,3
진해수,LG,05월 17일,1,1,3,3
진해수,LG,05월 23일,1,3,3,0
진해수,LG,06월 09일,3,3,0,0
진해수,LG,06월 14일,3,0,0,0
진해수,LG,06월 23일,0,0,0,0
진해수,LG,06월 27일,0,0,0,0
진해수,LG,07월 07일,0,0,0,2
차우찬,LG,04월 19일,4,6,1,8
차우찬,LG,04월 25일,6,1,8,1
차우찬,LG,05월 01일,1,8,1,6
차우찬,LG,05월 06일,8,1,6,9
차우찬,LG,05월 15일,1,6,9,2
차우찬,LG,05월 20일,6,9,2,1
차우찬,LG,05월 26일,9,2,1,0
차우찬,LG,06월 01일,2,1,0,1
차우찬,LG,06월 07일,1,0,1,5
차우찬,LG,06월 13일,0,1,5,6
차우찬,LG,06월 19일,1,5,6,0
차우찬,LG,06월 24일,5,6,0,2
차우찬,LG,06월 30일,6,0,2,2
차우찬,LG,07월 06일,0,2,2,9
차우찬,LG,07월 12일,2,2,9,7
채병용,SK,07월 03일,0,4,0,0
채병용,SK,07월 04일,4,0,0,0
채병용,SK,07월 06일,0,0,0,0
채병용,SK,07월 08일,0,0,0,1
최금강,NC,04월 12일,3,1,2,2
최금강,NC,04월 19일,1,2,2,0
최금강,NC,04월 20일,2,2,0,1
최금강,NC,04월 24일,2,0,1,0
최금강,NC,04월 26일,0,1,0,2
최금강,NC,05월 01일,1,0,2,5
최금강,NC,05월 18일,0,2,5,0
최금강,NC,05월 20일,2,5,0,1
최금강,NC,05월 23일,5,0,1,6
최금강,NC,05월 27일,0,1,6,2
최금강,NC,05월 29일,1,6,2,0
최금강,NC,06월 01일,6,2,0,0
최금강,NC,06월 05일,2,0,0,5
최금강,NC,06월 14일,0,0,5,0
최금강,NC,06월 21일,0,5,0,4
최동환,LG,04월 04일,1,0,0,1
최동환,LG,04월 06일,0,0,1,0
최동환,LG,04월 10일,0,1,0,0
최동환,LG,04월 14일,1,0,0,0
최동환,LG,05월 05일,0,0,0,0
최동환,LG,05월 10일,0,0,0,1
최동환,LG,05월 22일,0,0,1,0
최동환,LG,05월 30일,0,1,0,1
최성영,NC,05월 13일,1,0,0,1
최성영,NC,05월 19일,0,0,1,2
최성영,NC,05월 25일,0,1,2,6
최성영,NC,05월 31일,1,2,6,2
최성영,NC,06월 06일,2,6,2,7
최성영,NC,06월 12일,6,2,7,3
최성훈,LG,04월 15일,0,0,0,0
최성훈,LG,04월 17일,0,0,0,0
최성훈,LG,04월 18일,0,0,0,0
최성훈,LG,04월 26일,0,0,0,0
최성훈,LG,05월 06일,0,0,0,0
최성훈,LG,05월 22일,0,0,0,0
최원태,넥센,04월 12일,3,2,5,3
최원태,넥센,04월 18일,2,5,3,1
최원태,넥센,04월 24일,5,3,1,3
최원태,넥센,05월 05일,3,1,3,1
최원태,넥센,05월 13일,1,3,1,1
최원태,넥센,05월 19일,3,1,1,3
최원태,넥센,05월 25일,1,1,3,2
최원태,넥센,05월 31일,1,3,2,4
최원태,넥센,06월 06일,3,2,4,6
최원태,넥센,06월 12일,2,4,6,2
최원태,넥센,06월 17일,4,6,2,1
최원태,넥센,06월 23일,6,2,1,2
최원태,넥센,06월 29일,2,1,2,4
최원태,넥센,07월 05일,1,2,4,0
최원태,넥센,07월 11일,2,4,0,4
최지광,삼성,06월 24일,1,3,5,2
최지광,삼성,06월 28일,3,5,2,1
최충연,삼성,04월 03일,0,0,0,0
최충연,삼성,04월 05일,0,0,0,0
최충연,삼성,04월 07일,0,0,0,0
최충연,삼성,04월 11일,0,0,0,3
최충연,삼성,04월 13일,0,0,3,0
최충연,삼성,04월 15일,0,3,0,0
최충연,삼성,04월 17일,3,0,0,0
최충연,삼성,04월 18일,0,0,0,0
최충연,삼성,04월 19일,0,0,0,0
최충연,삼성,04월 22일,0,0,0,3
최충연,삼성,04월 28일,0,0,3,0
최충연,삼성,05월 02일,0,3,0,0
최충연,삼성,05월 03일,3,0,0,0
최충연,삼성,05월 08일,0,0,0,0
최충연,삼성,05월 09일,0,0,0,0
최충연,삼성,05월 13일,0,0,0,2
최충연,삼성,05월 15일,0,0,2,1
최충연,삼성,05월 18일,0,2,1,0
최충연,삼성,05월 20일,2,1,0,0
최충연,삼성,05월 23일,1,0,0,0
최충연,삼성,05월 30일,0,0,0,0
최충연,삼성,06월 03일,0,0,0,1
최충연,삼성,06월 07일,0,0,1,1
최충연,삼성,06월 09일,0,1,1,6
최충연,삼성,06월 12일,1,1,6,0
최충연,삼성,06월 21일,1,6,0,0
최충연,삼성,06월 22일,6,0,0,0
최충연,삼성,06월 27일,0,0,0,2
최충연,삼성,07월 01일,0,0,2,0
최충연,삼성,07월 04일,0,2,0,0
최충연,삼성,07월 05일,2,0,0,0
최충연,삼성,07월 10일,0,0,0,0
최충연,삼성,07월 12일,0,0,0,0
켈리,SK,04월 26일,4,0,6,0
켈리,SK,05월 02일,0,6,0,4
켈리,SK,05월 08일,6,0,4,4
켈리,SK,05월 15일,0,4,4,3
켈리,SK,05월 20일,4,4,3,6
켈리,SK,05월 26일,4,3,6,2
켈리,SK,06월 01일,3,6,2,1
켈리,SK,06월 07일,6,2,1,4
켈리,SK,06월 13일,2,1,4,3
켈리,SK,06월 19일,1,4,3,6
켈리,SK,06월 24일,4,3,6,4
켈리,SK,06월 30일,3,6,4,3
켈리,SK,07월 07일,6,4,3,3
팻딘,KIA,04월 17일,0,5,2,3
팻딘,KIA,04월 22일,5,2,3,1
팻딘,KIA,04월 28일,2,3,1,5
팻딘,KIA,05월 04일,3,1,5,3
팻딘,KIA,05월 10일,1,5,3,3
팻딘,KIA,05월 17일,5,3,3,7
팻딘,KIA,05월 23일,3,3,7,4
팻딘,KIA,05월 29일,3,7,4,7
팻딘,KIA,06월 03일,7,4,7,5
팻딘,KIA,06월 09일,4,7,5,2
팻딘,KIA,06월 15일,7,5,2,2
팻딘,KIA,06월 21일,5,2,2,7
팻딘,KIA,07월 04일,2,2,7,0
팻딘,KIA,07월 07일,2,7,0,7
피어밴드,KT,04월 13일,2,3,2,3
피어밴드,KT,04월 19일,3,2,3,4
피어밴드,KT,04월 25일,2,3,4,4
피어밴드,KT,05월 01일,3,4,4,4
피어밴드,KT,05월 31일,4,4,4,4
피어밴드,KT,06월 06일,4,4,4,2
피어밴드,KT,06월 12일,4,4,2,2
피어밴드,KT,06월 17일,4,2,2,3
피어밴드,KT,06월 23일,2,2,3,6
피어밴드,KT,07월 04일,2,3,6,5
피어밴드,KT,07월 10일,3,6,5,1
하영민,넥센,04월 06일,2,2,0,3
하준영,KIA,06월 30일,0,0,2,2
하준영,KIA,07월 05일,0,2,2,1
한기주,삼성,04월 01일,0,0,0,0
한기주,삼성,04월 07일,0,0,0,0
한기주,삼성,04월 11일,0,0,0,0
한기주,삼성,04월 13일,0,0,0,0
한기주,삼성,04월 15일,0,0,0,0
한기주,삼성,04월 22일,0,0,0,0
한기주,삼성,04월 26일,0,0,0,0
한기주,삼성,05월 01일,0,0,0,1
한기주,삼성,05월 05일,0,0,1,0
한기주,삼성,05월 13일,0,1,0,2
한기주,삼성,05월 16일,1,0,2,1
한기주,삼성,05월 19일,0,2,1,2
한기주,삼성,05월 26일,2,1,2,1
한기주,삼성,05월 29일,1,2,1,2
한기주,삼성,06월 03일,2,1,2,0
한기주,삼성,06월 06일,1,2,0,0
한기주,삼성,06월 08일,2,0,0,0
한기주,삼성,06월 15일,0,0,0,5
한기주,삼성,06월 19일,0,0,5,1
한기주,삼성,06월 22일,0,5,1,3
한기주,삼성,06월 24일,5,1,3,2
한기주,삼성,06월 26일,1,3,2,1
한기주,삼성,06월 29일,3,2,1,0
한기주,삼성,07월 06일,2,1,0,1
한승혁,KIA,04월 27일,1,3,6,2
한승혁,KIA,05월 03일,3,6,2,3
한승혁,KIA,05월 09일,6,2,3,7
한승혁,KIA,05월 16일,2,3,7,5
한승혁,KIA,05월 22일,3,7,5,4
한승혁,KIA,05월 27일,7,5,4,1
한승혁,KIA,06월 02일,5,4,1,1
한승혁,KIA,06월 05일,4,1,1,1
한승혁,KIA,06월 16일,1,1,1,2
한승혁,KIA,07월 04일,1,1,2,4
한승혁,KIA,07월 10일,1,2,4,7
한현희,넥센,04월 15일,2,2,3,2
한현희,넥센,04월 21일,2,3,2,3
한현희,넥센,04월 27일,3,2,3,7
한현희,넥센,05월 03일,2,3,7,8
한현희,넥센,05월 11일,3,7,8,5
한현희,넥센,05월 18일,7,8,5,2
한현희,넥센,05월 24일,8,5,2,3
한현희,넥센,05월 30일,5,2,3,1
한현희,넥센,06월 05일,2,3,1,5
한현희,넥센,06월 10일,3,1,5,1
한현희,넥센,06월 16일,1,5,1,1
한현희,넥센,06월 22일,5,1,1,7
한현희,넥센,06월 28일,1,1,7,5
한현희,넥센,07월 04일,1,7,5,0
한현희,넥센,07월 10일,7,5,0,1
함덕주,두산,04월 03일,0,0,0,0
함덕주,두산,04월 12일,0,0,0,0
함덕주,두산,04월 15일,0,0,0,0
함덕주,두산,04월 18일,0,0,0,0
함덕주,두산,04월 19일,0,0,0,0
함덕주,두산,04월 21일,0,0,0,1
함덕주,두산,04월 24일,0,0,1,0
함덕주,두산,05월 01일,0,1,0,0
함덕주,두산,05월 03일,1,0,0,1
함덕주,두산,05월 04일,0,0,1,0
함덕주,두산,05월 09일,0,1,0,0
함덕주,두산,05월 10일,1,0,0,0
함덕주,두산,05월 16일,0,0,0,0
함덕주,두산,05월 30일,0,0,0,0
함덕주,두산,06월 01일,0,0,0,0
함덕주,두산,06월 03일,0,0,0,0
함덕주,두산,06월 06일,0,0,0,0
함덕주,두산,06월 07일,0,0,0,0
함덕주,두산,06월 09일,0,0,0,0
함덕주,두산,06월 13일,0,0,0,0
함덕주,두산,06월 16일,0,0,0,0
함덕주,두산,06월 24일,0,0,0,0
함덕주,두산,06월 27일,0,0,0,0
함덕주,두산,06월 29일,0,0,0,2
함덕주,두산,07월 04일,0,0,2,1
함덕주,두산,07월 07일,0,2,1,0
함덕주,두산,07월 11일,2,1,0,0
헥터,KIA,04월 12일,4,2,3,7
헥터,KIA,04월 18일,2,3,7,3
헥터,KIA,04월 25일,3,7,3,2
헥터,KIA,05월 01일,7,3,2,2
헥터,KIA,05월 06일,3,2,2,3
헥터,KIA,05월 13일,2,2,3,7
헥터,KIA,05월 19일,2,3,7,1
헥터,KIA,05월 25일,3,7,1,2
헥터,KIA,05월 31일,7,1,2,0
헥터,KIA,06월 06일,1,2,0,2
헥터,KIA,06월 17일,2,0,2,6
헥터,KIA,06월 22일,0,2,6,4
헥터,KIA,06월 29일,2,6,4,4
헥터,KIA,07월 05일,6,4,4,5
헥터,KIA,07월 11일,4,4,5,4
홍건희,KIA,06월 17일,3,3,0,1
홍건희,KIA,06월 23일,3,0,1,3
홍상삼,두산,06월 02일,0,0,0,0
홍상삼,두산,06월 05일,0,0,0,1
홍상삼,두산,07월 10일,0,0,1,0
홍상삼,두산,07월 12일,0,1,0,0
홍성용,KT,04월 01일,3,0,0,0
홍성용,KT,04월 11일,0,0,0,0
홍성용,KT,04월 14일,0,0,0,0
홍성용,KT,04월 17일,0,0,0,1
홍성용,KT,04월 18일,0,0,1,1
홍성용,KT,04월 21일,0,1,1,0
홍성용,KT,04월 24일,1,1,0,1
홍성용,KT,04월 28일,1,0,1,0
홍성용,KT,05월 01일,0,1,0,0
홍성용,KT,05월 04일,1,0,0,1
홍성용,KT,05월 08일,0,0,1,0
홍성용,KT,05월 16일,0,1,0,0
홍성용,KT,05월 23일,1,0,0,2
홍성용,KT,05월 26일,0,0,2,1
홍성용,KT,06월 02일,0,2,1,0
홍성용,KT,06월 10일,2,1,0,0
홍성용,KT,06월 21일,1,0,0,0
홍성용,KT,07월 12일,0,0,0,0
황인준,KIA,05월 17일,0,0,2,0
황인준,KIA,05월 24일,0,2,0,1
황인준,KIA,05월 26일,2,0,1,0
황인준,KIA,05월 29일,0,1,0,2
황인준,KIA,06월 02일,1,0,2,3
황인준,KIA,06월 05일,0,2,3,0
황인준,KIA,06월 12일,2,3,0,0
황인준,KIA,06월 21일,3,0,0,0
황인준,KIA,06월 24일,0,0,0,1
황인준,KIA,06월 30일,0,0,1,0
황인준,KIA,07월 07일,0,1,0,0
황인준,KIA,07월 08일,1,0,0,0
후랭코프,두산,04월 15일,0,3,0,0
후랭코프,두산,04월 21일,3,0,0,2
후랭코프,두산,04월 27일,0,0,2,2
후랭코프,두산,05월 03일,0,2,2,1
후랭코프,두산,05월 09일,2,2,1,5
후랭코프,두산,05월 15일,2,1,5,3
후랭코프,두산,05월 22일,1,5,3,6
후랭코프,두산,05월 27일,5,3,6,0
후랭코프,두산,06월 02일,3,6,0,0
후랭코프,두산,06월 08일,6,0,0,1
후랭코프,두산,06월 15일,0,0,1,0
후랭코프,두산,06월 21일,0,1,0,1
후랭코프,두산,06월 27일,1,0,1,3
후랭코프,두산,07월 04일,0,1,3,2
후랭코프,두산,07월 10일,1,3,2,7
휠러,한화,04월 13일,1,7,6,3
휠러,한화,04월 19일,7,6,3,3
휠러,한화,04월 26일,6,3,3,1
휠러,한화,05월 02일,3,3,1,3
휠러,한화,05월 09일,3,1,3,0
휠러,한화,05월 15일,1,3,0,1
휠러,한화,05월 20일,3,0,1,4
휠러,한화,05월 26일,0,1,4,6
휠러,한화,06월 01일,1,4,6,6
휠러,한화,06월 07일,4,6,6,4
휠러,한화,06월 13일,6,6,4,3
휠러,한화,06월 19일,6,4,3,4
휠러,한화,06월 24일,4,3,4,2
휠러,한화,06월 30일,3,4,2,3
휠러,한화,07월 06일,4,2,3,4
휠러,한화,07월 12일,2,3,4,1
